drive,condition,replicate,window_index,disturbance_start_index,disturbance_stop_index_exclusive,classification_label,mean_future_blur_sigma,mean_absolute_sigma_change,prediction_error_l2,prediction_error_l2_ema,prediction_error_cosine_previous,prediction_error_temporal_variance
2011_09_26/2011_09_26_drive_0005_sync,persistent_blur,0,0,0,8,1,0.75,0.09375,116.6068754196167,127.84567640106278,-0.19080600421875715,0.16310320049524307
2011_09_26/2011_09_26_drive_0005_sync,persistent_blur,0,1,8,16,1,0.75,0.0,110.23890018463135,112.42764283799778,-0.14439951395615935,0.11290383711457253
2011_09_26/2011_09_26_drive_0005_sync,persistent_blur,0,2,16,24,1,1.125,0.09375,87.56648540496826,101.37342710085201,-0.18499107379466295,0.10230732709169388
2011_09_26/2011_09_26_drive_0005_sync,persistent_blur,0,3,24,32,1,1.5,0.0,66.51304054260254,74.7979846945107,-0.16171870927792042,0.050876216031610966
2011_09_26/2011_09_26_drive_0005_sync,persistent_blur,0,4,32,40,1,1.5,0.0,67.63628149032593,67.54409946462437,-0.14217992406338453,0.04099504742771387
2011_09_26/2011_09_26_drive_0005_sync,persistent_blur,0,5,40,48,1,2.25,0.09375,73.51352596282959,71.7819556552362,-0.16166955884546041,0.04904163395985961
2011_09_26/2011_09_26_drive_0005_sync,persistent_blur,0,6,48,56,1,2.25,0.0,76.91571998596191,74.53659238979323,-0.10670128557831049,0.051739991176873446
2011_09_26/2011_09_26_drive_0005_sync,persistent_blur,0,7,56,64,1,2.625,0.09375,90.85080528259277,85.42509577182497,-0.095572782040108,0.06847330275923014
2011_09_26/2011_09_26_drive_0005_sync,persistent_blur,0,8,64,72,1,3.0,0.0,89.39651012420654,89.9071870415529,-0.06664610747247934,0.07816202472895384
2011_09_26/2011_09_26_drive_0005_sync,persistent_blur,0,9,72,80,1,3.0,0.0,74.78818225860596,79.38035816800094,-0.0009236683836206794,0.05814812006428838
2011_09_26/2011_09_26_drive_0005_sync,persistent_blur,1,0,0,8,1,1.5,0.1875,110.31414127349854,126.27196269038934,-0.19068235345184803,0.17321658041328192
2011_09_26/2011_09_26_drive_0005_sync,persistent_blur,1,1,8,16,1,1.5,0.0,99.68093395233154,103.1207900206877,-0.14921274781227112,0.09135073982179165
2011_09_26/2011_09_26_drive_0005_sync,persistent_blur,1,2,16,24,1,1.875,0.09375,77.8886046409607,89.73938611099867,-0.19995009433478117,0.07940701674669981
2011_09_26/2011_09_26_drive_0005_sync,persistent_blur,1,3,24,32,1,2.25,0.0,64.38371086120605,69.59587086048792,-0.1675134594552219,0.043152887374162674
2011_09_26/2011_09_26_drive_0005_sync,persistent_blur,1,4,32,40,1,2.25,0.0,66.42069292068481,65.8958193780293,-0.1518351174890995,0.03962350729852915
2011_09_26/2011_09_26_drive_0005_sync,persistent_blur,1,5,40,48,1,3.0,0.09375,71.79381370544434,69.8061547602148,-0.15901122335344553,0.046044891234487295
2011_09_26/2011_09_26_drive_0005_sync,persistent_blur,1,6,48,56,1,3.0,0.0,74.8848762512207,73.04377915756186,-0.10973487189039588,0.0499348952434957
2011_09_26/2011_09_26_drive_0005_sync,persistent_blur,1,7,56,64,1,1.875,0.28125,96.03103351593018,88.00206137211579,-0.16197941079735756,0.074831900652498
2011_09_26/2011_09_26_drive_0005_sync,persistent_blur,1,8,64,72,1,0.75,0.0,90.01271057128906,91.57695299146948,-0.13141670497134328,0.08497876208275557
2011_09_26/2011_09_26_drive_0005_sync,persistent_blur,1,9,72,80,1,0.75,0.0,88.36960124969482,88.1461823132793,-0.1093917153775692,0.07217270974069834
2011_09_26/2011_09_26_drive_0005_sync,persistent_blur,2,0,0,8,1,2.25,0.28125,106.43483543395996,125.26252892619507,-0.18965800385922194,0.18145656306296587
2011_09_26/2011_09_26_drive_0005_sync,persistent_blur,2,1,8,16,1,2.25,0.0,101.82247734069824,102.36873539130775,-0.1725860466249287,0.08819714281708002
2011_09_26/2011_09_26_drive_0005_sync,persistent_blur,2,2,16,24,1,2.625,0.09375,75.717613697052,88.72013284212802,-0.16392838768661022,0.07843425450846553
2011_09_26/2011_09_26_drive_0005_sync,persistent_blur,2,3,24,32,1,3.0,0.0,62.9610390663147,67.55365147275877,-0.17435756605118513,0.039601866621524096
2011_09_26/2011_09_26_drive_0005_sync,persistent_blur,2,4,32,40,1,3.0,0.0,66.15939903259277,65.46288066013473,-0.17160256579518318,0.039317789021879435
2011_09_26/2011_09_26_drive_0005_sync,persistent_blur,2,5,40,48,1,0.75,0.28125,91.17344379425049,82.45411043927064,-0.14098243415355682,0.06869318056851625
2011_09_26/2011_09_26_drive_0005_sync,persistent_blur,2,6,48,56,1,0.75,0.0,88.43622970581055,87.5556144603172,-0.05785940479836427,0.0724730184301734
2011_09_26/2011_09_26_drive_0005_sync,persistent_blur,2,7,56,64,1,1.125,0.09375,93.80533981323242,91.72400923968496,-0.12326187686994672,0.07908045221120119
2011_09_26/2011_09_26_drive_0005_sync,persistent_blur,2,8,64,72,1,1.5,0.0,87.59769344329834,89.47863661134544,-0.11658873874694109,0.07714496273547411
2011_09_26/2011_09_26_drive_0005_sync,persistent_blur,2,9,72,80,1,1.5,0.0,80.33675956726074,82.67387951133281,-0.10576771199703217,0.06337104504927993
2011_09_26/2011_09_26_drive_0005_sync,persistent_blur,3,0,0,8,1,3.0,0.375,107.35565280914307,126.11836058937764,-0.20063966047018766,0.1868054512888193
2011_09_26/2011_09_26_drive_0005_sync,persistent_blur,3,1,8,16,1,3.0,0.0,104.39058494567871,103.89199956754175,-0.1782806608825922,0.09035944752395153
2011_09_26/2011_09_26_drive_0005_sync,persistent_blur,3,2,16,24,1,1.875,0.28125,91.27277565002441,98.14838559825652,-0.17584626656025648,0.0952770309522748
2011_09_26/2011_09_26_drive_0005_sync,persistent_blur,3,3,24,32,1,0.75,0.0,69.9668493270874,78.53860381799343,-0.1696221912279725,0.06064154161140323
2011_09_26/2011_09_26_drive_0005_sync,persistent_blur,3,4,32,40,1,0.75,0.0,77.95645236968994,75.03758833508223,-0.19004589319229126,0.05019990401342511
2011_09_26/2011_09_26_drive_0005_sync,persistent_blur,3,5,40,48,1,1.5,0.09375,76.47535419464111,77.82136603234801,-0.17469777539372444,0.05945569137111306
2011_09_26/2011_09_26_drive_0005_sync,persistent_blur,3,6,48,56,1,1.5,0.0,76.95168876647949,75.83647265069396,-0.11688609258271754,0.05274348706007004
2011_09_26/2011_09_26_drive_0005_sync,persistent_blur,3,7,56,64,1,1.875,0.09375,91.99233913421631,86.01930619215523,-0.09936199616640806,0.06917238282039762
2011_09_26/2011_09_26_drive_0005_sync,persistent_blur,3,8,64,72,1,2.25,0.0,93.17351341247559,92.83638103560158,-0.06411058956291527,0.08397699240595102
2011_09_26/2011_09_26_drive_0005_sync,persistent_blur,3,9,72,80,1,2.25,0.0,79.2679443359375,83.62277068527915,-0.045105900324415416,0.06524181086570024
2011_09_26/2011_09_26_drive_0005_sync,shuffled_blur,0,0,0,8,0,1.875,1.21875,140.82109546661377,144.7842706966879,-0.35294715443160385,0.2176821604371071
2011_09_26/2011_09_26_drive_0005_sync,shuffled_blur,0,1,8,16,0,1.875,0.75,136.5460443496704,136.68933526108626,-0.32394338585436344,0.1812996007502079
2011_09_26/2011_09_26_drive_0005_sync,shuffled_blur,0,2,16,24,0,1.96875,0.84375,105.01494216918945,120.43862169468406,-0.2822007150389254,0.15372786484658718
2011_09_26/2011_09_26_drive_0005_sync,shuffled_blur,0,3,24,32,0,1.6875,0.65625,92.94435787200928,99.16600457564375,-0.2313870768994093,0.09677737485617399
2011_09_26/2011_09_26_drive_0005_sync,shuffled_blur,0,4,32,40,0,1.78125,0.84375,97.19964504241943,96.35753400541083,-0.3091016374528408,0.09296314511448145
2011_09_26/2011_09_26_drive_0005_sync,shuffled_blur,0,5,40,48,0,2.15625,0.9375,97.62529277801514,90.2413917721762,-0.31890413351356983,0.07915745582431555
2011_09_26/2011_09_26_drive_0005_sync,shuffled_blur,0,6,48,56,0,1.96875,1.03125,119.53683471679688,112.93695765821133,-0.33104728534817696,0.13752504903823137
2011_09_26/2011_09_26_drive_0005_sync,shuffled_blur,0,7,56,64,0,1.6875,1.21875,131.53137302398682,124.25945827984243,-0.4919426722917706,0.15275155939161777
2011_09_26/2011_09_26_drive_0005_sync,shuffled_blur,0,8,64,72,0,2.25,1.125,123.58844184875488,129.23829935931948,-0.40531348064541817,0.17396383173763752
2011_09_26/2011_09_26_drive_0005_sync,shuffled_blur,0,9,72,80,0,1.5,0.84375,112.23825550079346,117.92612418601982,-0.2859754511155188,0.13854989036917686
2011_09_26/2011_09_26_drive_0005_sync,shuffled_blur,1,0,0,8,0,1.875,1.5,156.29515552520752,152.79248517143907,-0.4098886586725712,0.23854619450867176
2011_09_26/2011_09_26_drive_0005_sync,shuffled_blur,1,1,8,16,0,1.5,0.5625,118.18652629852295,132.22915908561583,-0.20021893084049225,0.18035459332168102
2011_09_26/2011_09_26_drive_0005_sync,shuffled_blur,1,2,16,24,0,1.96875,1.03125,115.81322574615479,122.85777434033186,-0.40044786036014557,0.1518347468227148
2011_09_26/2011_09_26_drive_0005_sync,shuffled_blur,1,3,24,32,0,2.4375,0.65625,82.1852674484253,93.43901797749325,-0.22416123375296593,0.0918935788795352
2011_09_26/2011_09_26_drive_0005_sync,shuffled_blur,1,4,32,40,0,1.40625,0.65625,87.87823677062988,86.03325581815112,-0.29416954331099987,0.06985028367489576
2011_09_26/2011_09_26_drive_0005_sync,shuffled_blur,1,5,40,48,0,1.78125,1.125,106.49726486206055,99.36930854792139,-0.24789434392005205,0.1015452416613698
2011_09_26/2011_09_26_drive_0005_sync,shuffled_blur,1,6,48,56,0,1.96875,1.03125,115.28081035614014,105.46177833857635,-0.2866876421030611,0.1082766717299819
2011_09_26/2011_09_26_drive_0005_sync,shuffled_blur,1,7,56,64,0,2.0625,0.84375,110.24198627471924,113.70254768856574,-0.28364772035274655,0.13647548202425241
2011_09_26/2011_09_26_drive_0005_sync,shuffled_blur,1,8,64,72,0,1.875,1.125,131.25685119628906,126.8230917967207,-0.4076142543926835,0.16252498887479305
2011_09_26/2011_09_26_drive_0005_sync,shuffled_blur,1,9,72,80,0,1.875,0.84375,114.50564289093018,119.44759986606186,-0.28860568162053823,0.1436106963083148
2011_09_26/2011_09_26_drive_0005_sync,shuffled_blur,2,0,0,8,0,1.875,1.40625,153.83729553222656,155.68620761642634,-0.41846067551523447,0.25641286186873913
2011_09_26/2011_09_26_drive_0005_sync,shuffled_blur,2,1,8,16,0,1.875,0.75,125.15417957305908,130.49558638194586,-0.3032389096915722,0.16147076338529587
2011_09_26/2011_09_26_drive_0005_sync,shuffled_blur,2,2,16,24,0,1.96875,0.65625,99.52107667922974,114.96794438330035,-0.24131474271416664,0.1399324331432581
2011_09_26/2011_09_26_drive_0005_sync,shuffled_blur,2,3,24,32,0,1.6875,1.21875,116.96306037902832,109.64892028806477,-0.25801929272711277,0.12449198588728905
2011_09_26/2011_09_26_drive_0005_sync,shuffled_blur,2,4,32,40,0,1.78125,0.65625,88.45757007598877,99.88464098005616,-0.310066407546401,0.10845968965440989
2011_09_26/2011_09_26_drive_0005_sync,shuffled_blur,2,5,40,48,0,1.78125,1.125,106.31867408752441,97.86229661034184,-0.3544273851439357,0.09024097211658955
2011_09_26/2011_09_26_drive_0005_sync,shuffled_blur,2,6,48,56,0,1.59375,1.03125,122.29479789733887,111.93771162118745,-0.3216730223502964,0.1293133022263646
2011_09_26/2011_09_26_drive_0005_sync,shuffled_blur,2,7,56,64,0,2.0625,1.40625,131.2916841506958,131.8395602329196,-0.44501154543831944,0.18310736864805222
2011_09_26/2011_09_26_drive_0005_sync,shuffled_blur,2,8,64,72,0,1.875,1.5,131.96358108520508,129.33949589346253,-0.4615562278777361,0.1655468735843897
2011_09_26/2011_09_26_drive_0005_sync,shuffled_blur,2,9,72,80,0,2.25,0.84375,107.11441993713379,116.37289471201917,-0.23214997723698616,0.13862601947039366
2011_09_26/2011_09_26_drive_0005_sync,shuffled_blur,3,0,0,8,0,1.875,1.125,139.60703372955322,137.69044471969386,-0.3420019303448498,0.18556569889187813
2011_09_26/2011_09_26_drive_0005_sync,shuffled_blur,3,1,8,16,0,2.25,0.5625,123.51165103912354,133.3143173453023,-0.26912088692188263,0.17928028292953968
2011_09_26/2011_09_26_drive_0005_sync,shuffled_blur,3,2,16,24,0,1.59375,1.03125,116.31809616088867,119.58566697867387,-0.3676385907456279,0.13962890207767487
2011_09_26/2011_09_26_drive_0005_sync,shuffled_blur,3,3,24,32,0,1.6875,0.65625,92.03627109527588,104.53045695772249,-0.17909838585183024,0.12038659956306219
2011_09_26/2011_09_26_drive_0005_sync,shuffled_blur,3,4,32,40,0,2.53125,0.65625,82.21795988082886,88.18529948980135,-0.23447157116606832,0.07466091308742762
2011_09_26/2011_09_26_drive_0005_sync,shuffled_blur,3,5,40,48,0,1.78125,0.9375,101.6871395111084,91.09494073693637,-0.38466576486825943,0.0771068693138659
2011_09_26/2011_09_26_drive_0005_sync,shuffled_blur,3,6,48,56,0,1.96875,0.84375,106.8628101348877,102.33111733750238,-0.35247807018458843,0.10858653765171766
2011_09_26/2011_09_26_drive_0005_sync,shuffled_blur,3,7,56,64,0,1.6875,1.21875,127.61074924468994,121.81009164182622,-0.3978947848081589,0.15462459437549114
2011_09_26/2011_09_26_drive_0005_sync,shuffled_blur,3,8,64,72,0,1.5,1.125,138.3600730895996,134.55529118657475,-0.5280818343162537,0.1833004541695118
2011_09_26/2011_09_26_drive_0005_sync,shuffled_blur,3,9,72,80,0,1.875,1.03125,123.35665225982666,127.47875486179333,-0.284046052955091,0.16315731965005398
2011_09_26/2011_09_26_drive_0011_sync,persistent_blur,0,0,0,8,1,0.75,0.09375,80.40298461914062,87.37665722509999,-0.19715200178325176,0.07737662922590971
2011_09_26/2011_09_26_drive_0011_sync,persistent_blur,0,1,8,16,1,0.75,0.0,84.667067527771,81.9819718018259,-0.20777995698153973,0.05948248505592346
2011_09_26/2011_09_26_drive_0011_sync,persistent_blur,0,2,16,24,1,1.125,0.09375,70.02905368804932,76.34013275678132,-0.167149281129241,0.0570177948102355
2011_09_26/2011_09_26_drive_0011_sync,persistent_blur,0,3,24,32,1,1.5,0.0,71.80573844909668,72.19379398663305,-0.13125375378876925,0.048160452395677567
2011_09_26/2011_09_26_drive_0011_sync,persistent_blur,0,4,32,40,1,1.5,0.0,72.21616268157959,71.38025337633565,-0.1284042107872665,0.04611825104802847
2011_09_26/2011_09_26_drive_0011_sync,persistent_blur,0,5,40,48,1,2.25,0.09375,63.60110521316528,68.26591566648435,-0.06067195162177086,0.045453076250851154
2011_09_26/2011_09_26_drive_0011_sync,persistent_blur,0,6,48,56,1,2.25,0.0,66.54626417160034,65.01273282718111,-0.08020536974072456,0.03747241338714957
2011_09_26/2011_09_26_drive_0011_sync,persistent_blur,0,7,56,64,1,2.625,0.09375,58.833457469940186,62.324622061001634,-0.07090430887183174,0.03637781133875251
2011_09_26/2011_09_26_drive_0011_sync,persistent_blur,0,8,64,72,1,3.0,0.0,48.138123989105225,54.0872417359362,-0.04930579289793968,0.028151208069175482
2011_09_26/2011_09_26_drive_0011_sync,persistent_blur,0,9,72,80,1,3.0,0.0,40.05305051803589,42.15786067840064,-0.2121865851804614,0.014490839676000178
2011_09_26/2011_09_26_drive_0011_sync,persistent_blur,1,0,0,8,1,1.5,0.1875,83.22245979309082,90.60118850563761,-0.15574549324810505,0.09017647895962
2011_09_26/2011_09_26_drive_0011_sync,persistent_blur,1,1,8,16,1,1.5,0.0,79.11794471740723,78.95666950461042,-0.19679566100239754,0.05384202999994159
2011_09_26/2011_09_26_drive_0011_sync,persistent_blur,1,2,16,24,1,1.875,0.09375,64.21937656402588,70.16452860626063,-0.1537947948090732,0.04710529139265418
2011_09_26/2011_09_26_drive_0011_sync,persistent_blur,1,3,24,32,1,2.25,0.0,66.00921297073364,66.27724224801361,-0.10395477898418903,0.039981108624488115
2011_09_26/2011_09_26_drive_0011_sync,persistent_blur,1,4,32,40,1,2.25,0.0,68.35172271728516,67.0489877467889,-0.12291971931699663,0.040914170909672976
2011_09_26/2011_09_26_drive_0011_sync,persistent_blur,1,5,40,48,1,3.0,0.09375,57.44929313659668,62.456140170482314,-0.04052737297024578,0.03748616576194763
2011_09_26/2011_09_26_drive_0011_sync,persistent_blur,1,6,48,56,1,3.0,0.0,62.235907554626465,59.841343358107444,-0.047051943838596344,0.03134995885193348
2011_09_26/2011_09_26_drive_0011_sync,persistent_blur,1,7,56,64,1,1.875,0.28125,75.96877336502075,68.92818138580427,-0.06815180159173906,0.045884510735049844
2011_09_26/2011_09_26_drive_0011_sync,persistent_blur,1,8,64,72,1,0.75,0.0,66.1405520439148,72.0754812669604,-0.04852136131376028,0.05569962738081813
2011_09_26/2011_09_26_drive_0011_sync,persistent_blur,1,9,72,80,1,0.75,0.0,53.950082778930664,58.165865446213736,-0.16680262400768697,0.02927548484876752
2011_09_26/2011_09_26_drive_0011_sync,persistent_blur,2,0,0,8,1,2.25,0.28125,80.8736925125122,89.80377139445797,-0.15240616258233786,0.09289919212460518
2011_09_26/2011_09_26_drive_0011_sync,persistent_blur,2,1,8,16,1,2.25,0.0,76.27026176452637,75.91921312544186,-0.1840808077249676,0.04891090700402856
2011_09_26/2011_09_26_drive_0011_sync,persistent_blur,2,2,16,24,1,2.625,0.09375,58.77421569824219,65.63978606562827,-0.13264908734709024,0.04145484557375312
2011_09_26/2011_09_26_drive_0011_sync,persistent_blur,2,3,24,32,1,3.0,0.0,61.65620517730713,61.624048926170346,-0.09075366309843957,0.034030338283628225
2011_09_26/2011_09_26_drive_0011_sync,persistent_blur,2,4,32,40,1,3.0,0.0,66.67894554138184,64.57197894477568,-0.11422149662394077,0.03801584988832474
2011_09_26/2011_09_26_drive_0011_sync,persistent_blur,2,5,40,48,1,0.75,0.28125,83.66084861755371,79.38749472272615,-0.12994698015972972,0.06854715198278427
2011_09_26/2011_09_26_drive_0011_sync,persistent_blur,2,6,48,56,1,0.75,0.0,78.62119960784912,76.94638079586798,-0.11838212702423334,0.05277941841632128
2011_09_26/2011_09_26_drive_0011_sync,persistent_blur,2,7,56,64,1,1.125,0.09375,78.95263290405273,80.81464170788654,-0.08150418428704143,0.061591665260493755
2011_09_26/2011_09_26_drive_0011_sync,persistent_blur,2,8,64,72,1,1.5,0.0,54.838491439819336,63.62440421996156,-0.040080564096570015,0.039515296928584576
2011_09_26/2011_09_26_drive_0011_sync,persistent_blur,2,9,72,80,1,1.5,0.0,47.355289936065674,50.321264113570315,-0.18641029484570026,0.020976549247279763
2011_09_26/2011_09_26_drive_0011_sync,persistent_blur,3,0,0,8,1,3.0,0.375,76.97437858581543,87.59679432459849,-0.16219876427203417,0.09135868586599827
2011_09_26/2011_09_26_drive_0011_sync,persistent_blur,3,1,8,16,1,3.0,0.0,73.03277587890625,72.55685781068989,-0.17873125430196524,0.043798652943223715
2011_09_26/2011_09_26_drive_0011_sync,persistent_blur,3,2,16,24,1,1.875,0.28125,70.91423273086548,70.13479421843859,-0.10406325105577707,0.048606401309370995
2011_09_26/2011_09_26_drive_0011_sync,persistent_blur,3,3,24,32,1,0.75,0.0,76.89546012878418,76.7449063206365,-0.129588158801198,0.05961395567283034
2011_09_26/2011_09_26_drive_0011_sync,persistent_blur,3,4,32,40,1,0.75,0.0,78.50358009338379,76.680459089562,-0.15125898737460375,0.05300150020048022
2011_09_26/2011_09_26_drive_0011_sync,persistent_blur,3,5,40,48,1,1.5,0.09375,69.93889904022217,74.73785608197778,-0.11068557819817215,0.054603025782853365
2011_09_26/2011_09_26_drive_0011_sync,persistent_blur,3,6,48,56,1,1.5,0.0,72.13538122177124,70.84746686836672,-0.08899561114958487,0.044322042260318995
2011_09_26/2011_09_26_drive_0011_sync,persistent_blur,3,7,56,64,1,1.875,0.09375,64.00461864471436,67.94425438308724,-0.0791975250467658,0.043262723833322525
2011_09_26/2011_09_26_drive_0011_sync,persistent_blur,3,8,64,72,1,2.25,0.0,47.59287118911743,54.77811700016112,-0.0335491067962721,0.02868414460681379
2011_09_26/2011_09_26_drive_0011_sync,persistent_blur,3,9,72,80,1,2.25,0.0,43.797282218933105,44.498937523449285,-0.22970999218523502,0.016119757667183876
2011_09_26/2011_09_26_drive_0011_sync,shuffled_blur,0,0,0,8,0,1.875,1.21875,112.21065902709961,107.16919116509426,-0.33991562423761934,0.1214021509513259
2011_09_26/2011_09_26_drive_0011_sync,shuffled_blur,0,1,8,16,0,1.875,0.75,102.54731178283691,104.36774066864078,-0.32969827950000763,0.1118121212348342
2011_09_26/2011_09_26_drive_0011_sync,shuffled_blur,0,2,16,24,0,1.96875,0.84375,87.65511798858643,93.2352546467858,-0.26824516244232655,0.09008816257119179
2011_09_26/2011_09_26_drive_0011_sync,shuffled_blur,0,3,24,32,0,1.6875,0.65625,97.74877071380615,96.5153399333078,-0.20160410180687904,0.09681050665676594
2011_09_26/2011_09_26_drive_0011_sync,shuffled_blur,0,4,32,40,0,1.78125,0.84375,108.82786893844604,105.74233067909415,-0.27916522952727973,0.11757628433406353
2011_09_26/2011_09_26_drive_0011_sync,shuffled_blur,0,5,40,48,0,2.15625,0.9375,97.24162340164185,91.54430432590232,-0.30394810112193227,0.08658793428912759
2011_09_26/2011_09_26_drive_0011_sync,shuffled_blur,0,6,48,56,0,1.96875,1.03125,108.26597929000854,108.8995818875964,-0.30547749157994986,0.13605855125933886
2011_09_26/2011_09_26_drive_0011_sync,shuffled_blur,0,7,56,64,0,1.6875,1.21875,114.18185997009277,109.07888358669985,-0.5454563926905394,0.11664676945656538
2011_09_26/2011_09_26_drive_0011_sync,shuffled_blur,0,8,64,72,0,2.25,1.125,89.66705703735352,104.04923298679174,-0.4547764239832759,0.12136631272733212
2011_09_26/2011_09_26_drive_0011_sync,shuffled_blur,0,9,72,80,0,1.5,0.84375,79.49079751968384,85.34494145392327,-0.30830032064113766,0.07241275813430548
2011_09_26/2011_09_26_drive_0011_sync,shuffled_blur,1,0,0,8,0,1.875,1.5,124.2203893661499,112.71134068541741,-0.45916714146733284,0.13066285755485296
2011_09_26/2011_09_26_drive_0011_sync,shuffled_blur,1,1,8,16,0,1.5,0.5625,95.59105110168457,106.63591191326798,-0.18552230391651392,0.12196618039160967
2011_09_26/2011_09_26_drive_0011_sync,shuffled_blur,1,2,16,24,0,1.96875,1.03125,97.74624061584473,99.72587760554477,-0.39301882218569517,0.09920746367424726
2011_09_26/2011_09_26_drive_0011_sync,shuffled_blur,1,3,24,32,0,2.4375,0.65625,79.107581615448,85.28236286489779,-0.17517092637717724,0.07576840976253152
2011_09_26/2011_09_26_drive_0011_sync,shuffled_blur,1,4,32,40,0,1.40625,0.65625,97.09544467926025,90.85420460178881,-0.2536707802210003,0.07987173087894917
2011_09_26/2011_09_26_drive_0011_sync,shuffled_blur,1,5,40,48,0,1.78125,1.125,110.89725589752197,104.82451127324676,-0.22351253032684326,0.12176872231066227
2011_09_26/2011_09_26_drive_0011_sync,shuffled_blur,1,6,48,56,0,1.96875,1.03125,109.67371416091919,104.6511179585572,-0.2603849659790285,0.10873462166637182
2011_09_26/2011_09_26_drive_0011_sync,shuffled_blur,1,7,56,64,0,2.0625,0.84375,87.85900354385376,96.70187143583846,-0.2790319330524653,0.09984087012708187
2011_09_26/2011_09_26_drive_0011_sync,shuffled_blur,1,8,64,72,0,1.875,1.125,103.18224334716797,103.87844831096984,-0.3587180911563337,0.117870700545609
2011_09_26/2011_09_26_drive_0011_sync,shuffled_blur,1,9,72,80,0,1.875,0.84375,78.74221324920654,86.33871787804111,-0.2880903189070523,0.07910360815003514
2011_09_26/2011_09_26_drive_0011_sync,shuffled_blur,2,0,0,8,0,1.875,1.40625,119.34860324859619,113.9135751232981,-0.4234649724967312,0.1377434516325593
2011_09_26/2011_09_26_drive_0011_sync,shuffled_blur,2,1,8,16,0,1.875,0.75,100.39465713500977,103.25053174690017,-0.2944738182704896,0.10449346620589495
2011_09_26/2011_09_26_drive_0011_sync,shuffled_blur,2,2,16,24,0,1.96875,0.65625,82.01915788650513,91.43544369574997,-0.19652035157196224,0.08796562254428864
2011_09_26/2011_09_26_drive_0011_sync,shuffled_blur,2,3,24,32,0,1.6875,1.21875,120.87691879272461,104.27094140219972,-0.22698039934039116,0.11725470330566168
2011_09_26/2011_09_26_drive_0011_sync,shuffled_blur,2,4,32,40,0,1.78125,0.65625,101.40016651153564,110.18215841236011,-0.2874702550470829,0.13811858091503382
2011_09_26/2011_09_26_drive_0011_sync,shuffled_blur,2,5,40,48,0,1.78125,1.125,110.02376365661621,104.96690342901836,-0.355621833819896,0.10758810583502054
2011_09_26/2011_09_26_drive_0011_sync,shuffled_blur,2,6,48,56,0,1.59375,1.03125,113.36222648620605,107.63580808123947,-0.2972763702273369,0.12276563048362732
2011_09_26/2011_09_26_drive_0011_sync,shuffled_blur,2,7,56,64,0,2.0625,1.40625,117.13462018966675,122.60465178854213,-0.4631142813595943,0.16500736214220524
2011_09_26/2011_09_26_drive_0011_sync,shuffled_blur,2,8,64,72,0,1.875,1.5,106.05159139633179,107.18719626585235,-0.5256504202261567,0.11771027278155088
2011_09_26/2011_09_26_drive_0011_sync,shuffled_blur,2,9,72,80,0,2.25,0.84375,71.53583478927612,84.94848944736593,-0.25375253858510405,0.07821420161053538
2011_09_26/2011_09_26_drive_0011_sync,shuffled_blur,3,0,0,8,0,1.875,1.125,110.87083911895752,101.08903461075325,-0.32765533216297626,0.10002161096781492
2011_09_26/2011_09_26_drive_0011_sync,shuffled_blur,3,1,8,16,0,2.25,0.5625,94.82320594787598,103.98403804905021,-0.2783267702907324,0.11392057780176401
2011_09_26/2011_09_26_drive_0011_sync,shuffled_blur,3,2,16,24,0,1.59375,1.03125,99.28832149505615,94.74153559712867,-0.33626649575307965,0.0870451545342803
2011_09_26/2011_09_26_drive_0011_sync,shuffled_blur,3,3,24,32,0,1.6875,0.65625,93.34638500213623,98.10090404114167,-0.1417613672092557,0.10758227948099375
2011_09_26/2011_09_26_drive_0011_sync,shuffled_blur,3,4,32,40,0,2.53125,0.65625,88.735511302948,93.88464239340428,-0.18934215046465397,0.08842764887958765
2011_09_26/2011_09_26_drive_0011_sync,shuffled_blur,3,5,40,48,0,1.78125,0.9375,106.0028772354126,96.02671009875165,-0.42685401160269976,0.08822915609925985
2011_09_26/2011_09_26_drive_0011_sync,shuffled_blur,3,6,48,56,0,1.96875,0.84375,97.32624769210815,97.49860956175603,-0.3216391569003463,0.10470292624086142
2011_09_26/2011_09_26_drive_0011_sync,shuffled_blur,3,7,56,64,0,1.6875,1.21875,118.05072402954102,114.37871802412263,-0.45864758640527725,0.14006785675883293
2011_09_26/2011_09_26_drive_0011_sync,shuffled_blur,3,8,64,72,0,1.5,1.125,113.84998273849487,116.29466282043875,-0.6072917394340038,0.14089646935462952
2011_09_26/2011_09_26_drive_0011_sync,shuffled_blur,3,9,72,80,0,1.875,1.03125,85.30209350585938,95.00721651958472,-0.2686347649432719,0.09344437811523676
