condition,future_feature_stage,target_flow_top_stage,prediction_feature_channels,prediction_feature_height,prediction_feature_width,split,drive,sample_index,current_raw_frame_index,future_raw_frame_index,current_frame_name,future_frame_name,horizon_frames,horizon_seconds,temporal_fusion_applied,alignment_applied,feature_mse,feature_cosine,normalized_feature_error,copy_mse,copy_cosine,copy_normalized_feature_error,mse_improvement_vs_same_stage_copy,relative_mse_improvement_vs_same_stage_copy,cosine_improvement_vs_same_stage_copy,normalized_error_improvement_vs_same_stage_copy,raw_previous_to_current_mse,aligned_previous_to_current_mse,alignment_mse_reduction_fraction,alignment_patch_matching_mse,nonzero_motion_fraction,mean_motion_magnitude_cells,prediction_base_current_max_abs,aligned_temporal_difference_rms,predicted_residual_rms
aligned_temporal_difference,4,5,512,28,28,train,2011_09_26/2011_09_26_drive_0005_sync,0,0,1,0000000000.png,0000000001.png,1,0.1035,False,False,1.1946837902069092,0.7196617126464844,0.6960855722427368,1.5340720415115356,0.690823495388031,0.7887856960296631,0.33938825130462646,0.22123358103197294,0.02883821725845337,0.09270012378692627,,,,,,,0.0,0.0,0.6169597833377262
aligned_temporal_difference,4,5,512,28,28,train,2011_09_26/2011_09_26_drive_0005_sync,1,1,2,0000000001.png,0000000002.png,1,0.1035,False,True,1.3877004384994507,0.6772150993347168,0.7395543456077576,1.800865888595581,0.6400964260101318,0.8424863815307617,0.41316545009613037,0.22942599596816207,0.03711867332458496,0.10293203592300415,1.5340720415115356,0.8871404528617859,0.42170874062232566,0.7939566373825073,0.7716836333274841,0.7811936736106873,0.0,0.9418813369325172,0.65216998681324
aligned_temporal_difference,4,5,512,28,28,train,2011_09_26/2011_09_26_drive_0005_sync,2,2,3,0000000002.png,0000000003.png,1,0.1035,False,True,1.1816301345825195,0.6993861794471741,0.7205938696861267,1.7199071645736694,0.6435924172401428,0.8693652749061584,0.5382770299911499,0.31296865381950895,0.05579376220703125,0.14877140522003174,1.800865888595581,1.0008189678192139,0.4442568021543736,0.9258987903594971,0.8647959232330322,1.0037477016448975,0.0,1.0004094001053838,0.6846797055767523
aligned_temporal_difference,4,5,512,28,28,train,2011_09_26/2011_09_26_drive_0005_sync,3,3,4,0000000003.png,0000000004.png,1,0.1035,False,True,1.0145699977874756,0.7229547500610352,0.6939343214035034,1.4421732425689697,0.6714245676994324,0.8273438811302185,0.42760324478149414,0.2964992222569576,0.05153018236160278,0.1334095597267151,1.7199071645736694,1.032719373703003,0.39954935070056913,0.9339884519577026,0.8099489808082581,0.8928973078727722,0.0,1.0162280126541499,0.641552602447257
aligned_temporal_difference,4,5,512,28,28,train,2011_09_26/2011_09_26_drive_0005_sync,4,4,5,0000000004.png,0000000005.png,1,0.1035,False,True,0.9853194952011108,0.723541259765625,0.6922816038131714,1.39414381980896,0.6651486158370972,0.8234705924987793,0.4088243246078491,0.29324401026564856,0.05839264392852783,0.1311889886856079,1.4421732425689697,0.7802407145500183,0.4589826717626787,0.6692450046539307,0.7653061151504517,0.79172283411026,0.0,0.8833123538986751,0.6052600870201851
aligned_temporal_difference,4,5,512,28,28,train,2011_09_26/2011_09_26_drive_0005_sync,5,5,6,0000000005.png,0000000006.png,1,0.1035,False,True,0.8873841762542725,0.7587119936943054,0.6514266133308411,1.173855185508728,0.7169694900512695,0.7492330074310303,0.28647100925445557,0.2440428877351716,0.04174250364303589,0.09780639410018921,1.39414381980896,0.7731157541275024,0.4454548066400762,0.6804624795913696,0.8405612111091614,0.8786013126373291,0.0,0.8792700120710943,0.5982487054532651
aligned_temporal_difference,4,5,512,28,28,train,2011_09_26/2011_09_26_drive_0005_sync,6,6,7,0000000006.png,0000000007.png,1,0.1035,False,True,0.936551570892334,0.7503910064697266,0.6609996557235718,1.2768465280532837,0.6985304355621338,0.7717999219894409,0.3402949571609497,0.26651202762776277,0.05186057090759277,0.11080026626586914,1.173855185508728,0.7262946963310242,0.38127402315281256,0.6533488035202026,0.7806122303009033,0.7996322512626648,0.0,0.8522292510416574,0.6011159651488419
aligned_temporal_difference,4,5,512,28,28,train,2011_09_26/2011_09_26_drive_0005_sync,7,7,8,0000000007.png,0000000008.png,1,0.1035,False,True,0.9900449514389038,0.7466931939125061,0.6651760339736938,1.3481035232543945,0.6924524307250977,0.7761948108673096,0.3580585718154907,0.26560168832666353,0.05424076318740845,0.11101877689361572,1.2768465280532837,0.7836831212043762,0.3862354605770815,0.700462818145752,0.7665815949440002,0.7903566956520081,0.0,0.8852587877024302,0.6162954233231426
aligned_temporal_difference,4,5,512,28,28,train,2011_09_26/2011_09_26_drive_0005_sync,8,8,9,0000000008.png,0000000009.png,1,0.1035,False,True,0.973962128162384,0.771619975566864,0.6369751691818237,1.2860767841339111,0.7231590747833252,0.731955885887146,0.3121146559715271,0.24268741946206265,0.04846090078353882,0.09498071670532227,1.3481035232543945,0.8460341095924377,0.37242645316283585,0.7337512373924255,0.7742346525192261,0.8106896281242371,0.0,0.919801125022381,0.6262257953161626
aligned_temporal_difference,4,5,512,28,28,train,2011_09_26/2011_09_26_drive_0005_sync,9,9,10,0000000009.png,0000000010.png,1,0.1035,False,True,1.0412266254425049,0.7601442337036133,0.6498956084251404,1.3911842107772827,0.7141472101211548,0.7512132525444031,0.34995758533477783,0.25155373574808576,0.045997023582458496,0.1013176441192627,1.2860767841339111,0.8087698817253113,0.371134063142299,0.7168223857879639,0.71683669090271,0.7453667521476746,0.0,0.8993163412978279,0.6506172678815053
aligned_temporal_difference,4,5,512,28,28,train,2011_09_26/2011_09_26_drive_0005_sync,10,10,11,0000000010.png,0000000011.png,1,0.1035,False,True,0.953180730342865,0.7627255320549011,0.6472575068473816,1.3585790395736694,0.7139805555343628,0.7727373838424683,0.40539830923080444,0.2983987662271169,0.04874497652053833,0.12547987699508667,1.3911842107772827,0.899201512336731,0.35364310105681196,0.8262332081794739,0.7270408272743225,0.7555708289146423,0.0,0.948262364715974,0.6551262680315113
aligned_temporal_difference,4,5,512,28,28,train,2011_09_26/2011_09_26_drive_0005_sync,11,11,12,0000000011.png,0000000012.png,1,0.1035,False,True,0.9744324684143066,0.7474116086959839,0.6652309894561768,1.3720512390136719,0.6936367750167847,0.7893721461296082,0.39761877059936523,0.2897987766733857,0.05377483367919922,0.1241411566734314,1.3585790395736694,0.8799457550048828,0.3523043346222865,0.7832154035568237,0.7244898080825806,0.7255464792251587,0.0,0.9380542388395688,0.6220399379051638
aligned_temporal_difference,4,5,512,28,28,train,2011_09_26/2011_09_26_drive_0005_sync,12,12,13,0000000012.png,0000000013.png,1,0.1035,False,True,1.012143611907959,0.7303543090820312,0.6841520667076111,1.4135358333587646,0.6761454939842224,0.8085092902183533,0.40139222145080566,0.2839632444952173,0.05420881509780884,0.12435722351074219,1.3720512390136719,0.9759759306907654,0.2886738461805797,0.8884347081184387,0.7117346525192261,0.7265280485153198,0.0,0.987914941020109,0.6311277403323391
aligned_temporal_difference,4,5,512,28,28,train,2011_09_26/2011_09_26_drive_0005_sync,13,13,14,0000000013.png,0000000014.png,1,0.1035,False,True,1.0010192394256592,0.7533359527587891,0.6577263474464417,1.3160353899002075,0.7064070701599121,0.7541500926017761,0.31501615047454834,0.23936753744778505,0.04692888259887695,0.09642374515533447,1.4135358333587646,0.9276934266090393,0.34370717408365503,0.8282389044761658,0.7614795565605164,0.7662345767021179,0.0,0.9631684310695816,0.6151125590510674
aligned_temporal_difference,4,5,512,28,28,train,2011_09_26/2011_09_26_drive_0005_sync,14,14,15,0000000014.png,0000000015.png,1,0.1035,False,True,0.9781571626663208,0.7576997876167297,0.6526504755020142,1.3586399555206299,0.7053110003471375,0.7691808938980103,0.3804827928543091,0.28004681542617255,0.052388787269592285,0.1165304183959961,1.3160353899002075,0.8782781362533569,0.3326333448221669,0.7967972755432129,0.7206632494926453,0.7359849214553833,0.0,0.9371649461292056,0.6446086259115635
aligned_temporal_difference,4,5,512,28,28,train,2011_09_26/2011_09_26_drive_0005_sync,15,15,16,0000000015.png,0000000016.png,1,0.1035,False,True,1.0740673542022705,0.7467426061630249,0.6651132702827454,1.442829966545105,0.6948667764663696,0.7708811163902283,0.3687626123428345,0.2555828620789229,0.05187582969665527,0.10576784610748291,1.3586399555206299,0.8406611680984497,0.3812480159423039,0.7903812527656555,0.7295918464660645,0.7332901954650879,0.0,0.9168757648113782,0.6373418321929006
aligned_temporal_difference,4,5,512,28,28,train,2011_09_26/2011_09_26_drive_0005_sync,16,16,17,0000000016.png,0000000017.png,1,0.1035,False,True,1.0871827602386475,0.7513020634651184,0.6599746942520142,1.464154839515686,0.7027148008346558,0.7658955454826355,0.3769720792770386,0.2574673587130536,0.048587262630462646,0.10592085123062134,1.442829966545105,1.0354909896850586,0.28231945988440377,0.9486887454986572,0.71683669090271,0.7194783687591553,0.0,1.01759077712264,0.6683637778283738
aligned_temporal_difference,4,5,512,28,28,train,2011_09_26/2011_09_26_drive_0005_sync,17,17,18,0000000017.png,0000000018.png,1,0.1035,False,True,1.292770504951477,0.7026509046554565,0.7132882475852966,1.7269881963729858,0.6571616530418396,0.8244209885597229,0.4342176914215088,0.25143060753596996,0.04548925161361694,0.11113274097442627,1.464154839515686,1.094718098640442,0.2523208139635331,0.9958178997039795,0.670918345451355,0.7168834209442139,0.0,1.0462877704725606,0.6779782738580434
aligned_temporal_difference,4,5,512,28,28,train,2011_09_26/2011_09_26_drive_0005_sync,18,18,19,0000000018.png,0000000019.png,1,0.1035,False,True,1.3403635025024414,0.7006633877754211,0.7152674198150635,1.7713786363601685,0.656841516494751,0.8222669363021851,0.43101513385772705,0.24332185395629338,0.043821871280670166,0.10699951648712158,1.7269881963729858,1.2049199342727661,0.3022998438534007,1.1187167167663574,0.7818877100944519,0.8875544667243958,0.0,1.0976884504597677,0.6786546862228033
aligned_temporal_difference,4,5,512,28,28,train,2011_09_26/2011_09_26_drive_0005_sync,19,19,20,0000000019.png,0000000020.png,1,0.1035,False,True,1.3045986890792847,0.7255793809890747,0.6883270740509033,1.731906771659851,0.6778994798660278,0.7930830121040344,0.4273080825805664,0.2467269541137231,0.047679901123046875,0.1047559380531311,1.7713786363601685,1.301231861114502,0.26541291940368256,1.1956827640533447,0.77933669090271,0.8559451103210449,0.0,1.1407155040212709,0.696230400364322
aligned_temporal_difference,4,5,512,28,28,train,2011_09_26/2011_09_26_drive_0005_sync,20,20,21,0000000020.png,0000000021.png,1,0.1035,False,True,1.1765756607055664,0.7549049258232117,0.6558952927589417,1.621654987335205,0.7045383453369141,0.7700232267379761,0.44507932662963867,0.2744599375980819,0.05036658048629761,0.11412793397903442,1.731906771659851,1.2516759634017944,0.2772844451654899,1.144808053970337,0.6390305757522583,0.660163938999176,0.0,1.1187832513055398,0.7073243940269699
aligned_temporal_difference,4,5,512,28,28,train,2011_09_26/2011_09_26_drive_0005_sync,21,21,22,0000000021.png,0000000022.png,1,0.1035,False,True,1.3181698322296143,0.7239367961883545,0.6911206841468811,1.7772263288497925,0.6765614151954651,0.8024898767471313,0.4590564966201782,0.25829940124580314,0.047375380992889404,0.11136919260025024,1.621654987335205,1.1235195398330688,0.30717720562787554,1.0307191610336304,0.6900510191917419,0.6911076903343201,0.0,1.0599620464116009,0.6924173322285628
aligned_temporal_difference,4,5,512,28,28,train,2011_09_26/2011_09_26_drive_0005_sync,22,22,23,0000000022.png,0000000023.png,1,0.1035,False,True,1.3236116170883179,0.7247714400291443,0.6902896165847778,1.822519063949585,0.6708799600601196,0.8100038766860962,0.4989074468612671,0.273746078562319,0.05389147996902466,0.11971426010131836,1.7772263288497925,1.307908058166504,0.2640734402055746,1.2126635313034058,0.7002550959587097,0.7319550514221191,0.0,1.1436380800613908,0.7030340347787666
aligned_temporal_difference,4,5,512,28,28,train,2011_09_26/2011_09_26_drive_0005_sync,23,23,24,0000000023.png,0000000024.png,1,0.1035,False,True,1.354297399520874,0.7318782210350037,0.6817455887794495,1.8096733093261719,0.6822422742843628,0.7880710959434509,0.45537590980529785,0.25163431844770706,0.04963594675064087,0.10632550716400146,1.822519063949585,1.248462200164795,0.3149798952120425,1.1252061128616333,0.7117346525192261,0.7180746793746948,0.0,1.117346052109549,0.7036014214389099
aligned_temporal_difference,4,5,512,28,28,train,2011_09_26/2011_09_26_drive_0005_sync,24,24,25,0000000024.png,0000000025.png,1,0.1035,False,True,1.5216701030731201,0.735977053642273,0.6772434115409851,1.9904673099517822,0.6820138692855835,0.774572491645813,0.4687972068786621,0.23552117863720073,0.05396318435668945,0.09732908010482788,1.8096733093261719,1.2662582397460938,0.30028351900842126,1.1721608638763428,0.6836734414100647,0.6942400932312012,0.0,1.125281404692219,0.7250073103700588
aligned_temporal_difference,4,5,512,28,28,train,2011_09_26/2011_09_26_drive_0005_sync,25,25,26,0000000025.png,0000000026.png,1,0.1035,False,True,1.8673161268234253,0.6632483601570129,0.754537045955658,2.615009069442749,0.6036476492881775,0.8929111361503601,0.7476929426193237,0.2859236517977565,0.05960071086883545,0.13837409019470215,1.9904673099517822,1.4600658416748047,0.26647082603422717,1.333017110824585,0.6390305757522583,0.6480122804641724,0.0,1.2083318425311835,0.7894184707064736
aligned_temporal_difference,4,5,512,28,28,train,2011_09_26/2011_09_26_drive_0005_sync,26,26,27,0000000026.png,0000000027.png,1,0.1035,False,True,1.8390169143676758,0.6820050477981567,0.7343541383743286,2.5064496994018555,0.6254642009735107,0.8573184609413147,0.6674327850341797,0.26628612782193767,0.056540846824645996,0.12296432256698608,2.615009069442749,1.7967983484268188,0.3128902039296898,1.7075965404510498,0.793367326259613,0.9143557548522949,0.0,1.3404470703563116,0.7765482757309493
aligned_temporal_difference,4,5,512,28,28,train,2011_09_26/2011_09_26_drive_0005_sync,27,27,28,0000000027.png,0000000028.png,1,0.1035,False,True,1.637835144996643,0.723831295967102,0.6908818483352661,2.1981735229492188,0.6787028312683105,0.800386369228363,0.5603383779525757,0.2549108940229558,0.045128464698791504,0.10950452089309692,2.5064496994018555,1.786317229270935,0.28731175826220423,1.6982362270355225,0.6887754797935486,0.7268155217170715,0.0,1.336531791343152,0.7930855500590869
aligned_temporal_difference,4,5,512,28,28,train,2011_09_26/2011_09_26_drive_0005_sync,28,28,29,0000000028.png,0000000029.png,1,0.1035,False,True,1.600098967552185,0.7277844548225403,0.6870479583740234,2.2468621730804443,0.6706146597862244,0.8141452074050903,0.6467632055282593,0.28785174866402596,0.05716979503631592,0.1270972490310669,2.1981735229492188,1.5669257640838623,0.2871692122005144,1.512921690940857,0.6568877696990967,0.6706243753433228,0.0,1.2517690538129875,0.7944541886279672
aligned_temporal_difference,4,5,512,28,28,train,2011_09_26/2011_09_26_drive_0005_sync,29,29,30,0000000029.png,0000000030.png,1,0.1035,False,True,1.565191388130188,0.7226905822753906,0.693506121635437,2.2303085327148438,0.6644585132598877,0.8278449773788452,0.6651171445846558,0.2982175491993665,0.05823206901550293,0.1343388557434082,2.2468621730804443,1.5698379278182983,0.3013198821777069,1.5205435752868652,0.6632652878761292,0.685455322265625,0.0,1.2529317331037229,0.7841328646123911
aligned_temporal_difference,4,5,512,28,28,train,2011_09_26/2011_09_26_drive_0005_sync,30,30,31,0000000030.png,0000000031.png,1,0.1035,False,True,1.6658296585083008,0.7079117298126221,0.7083747982978821,2.3832390308380127,0.637512743473053,0.8472890853881836,0.7174093723297119,0.30102283616824244,0.07039898633956909,0.1389142870903015,2.2303085327148438,1.553328514099121,0.3035364877484769,1.4813867807388306,0.6658163070678711,0.6774396300315857,0.0,1.2463260063479062,0.774671668059782
aligned_temporal_difference,4,5,512,28,28,train,2011_09_26/2011_09_26_drive_0005_sync,31,31,32,0000000031.png,0000000032.png,1,0.1035,False,True,1.7104268074035645,0.7048431634902954,0.7114015221595764,2.4093422889709473,0.6403909921646118,0.8443291187286377,0.6989154815673828,0.29008559089621766,0.0644521713256836,0.13292759656906128,2.3832390308380127,1.526078462600708,0.35966202178885237,1.4386394023895264,0.7219387888908386,0.7472987771034241,0.0,1.2353454830939836,0.7703203908891406
aligned_temporal_difference,4,5,512,28,28,train,2011_09_26/2011_09_26_drive_0005_sync,32,32,33,0000000032.png,0000000033.png,1,0.1035,False,True,1.7762033939361572,0.7106010913848877,0.7042994499206543,2.4836010932922363,0.6434528231620789,0.8328215479850769,0.7073976993560791,0.28482742307797904,0.06714826822280884,0.1285220980644226,2.4093422889709473,1.48503577709198,0.3836343703051621,1.4148540496826172,0.7372449040412903,0.7541516423225403,0.0,1.2186204401256282,0.7850627938443049
aligned_temporal_difference,4,5,512,28,28,train,2011_09_26/2011_09_26_drive_0005_sync,33,33,34,0000000033.png,0000000034.png,1,0.1035,False,True,1.7008140087127686,0.7166023254394531,0.6991949081420898,2.4425840377807617,0.6540845632553101,0.837904691696167,0.7417700290679932,0.3036825008247974,0.06251776218414307,0.13870978355407715,2.4836010932922363,1.5540789365768433,0.3742638700014534,1.484484314918518,0.7181122303009033,0.7323771715164185,0.0,1.2466270238434762,0.8266541716825977
aligned_temporal_difference,4,5,512,28,28,train,2011_09_26/2011_09_26_drive_0005_sync,34,34,35,0000000034.png,0000000035.png,1,0.1035,False,True,1.985530138015747,0.6868396997451782,0.728538990020752,2.7357747554779053,0.6214873790740967,0.8551745414733887,0.7502446174621582,0.2742347906968313,0.06535232067108154,0.12663555145263672,2.4425840377807617,1.6121561527252197,0.33997924829232773,1.5287266969680786,0.6352040767669678,0.6399590969085693,0.0,1.2697071129694515,0.8024190390084274
aligned_temporal_difference,4,5,512,28,28,train,2011_09_26/2011_09_26_drive_0005_sync,35,35,36,0000000035.png,0000000036.png,1,0.1035,False,True,1.9959834814071655,0.688113808631897,0.7283397912979126,2.9004080295562744,0.6134599447250366,0.8779810667037964,0.9044245481491089,0.31182665988118724,0.07465386390686035,0.1496412754058838,2.7357747554779053,1.9399768114089966,0.29088576918675924,1.8407471179962158,0.7066326141357422,0.7193126678466797,0.0,1.3928305034744883,0.8519077126259651
aligned_temporal_difference,4,5,512,28,28,train,2011_09_26/2011_09_26_drive_0005_sync,36,36,37,0000000036.png,0000000037.png,1,0.1035,False,True,1.8854349851608276,0.7074651718139648,0.708594799041748,2.6975271701812744,0.6411747932434082,0.8475690484046936,0.8120921850204468,0.3010506044192593,0.06629037857055664,0.13897424936294556,2.9004080295562744,1.9420121908187866,0.3304348315723392,1.811834692955017,0.714285671710968,0.7301356792449951,0.0,1.3935609749195714,0.8459420164091288
aligned_temporal_difference,4,5,512,28,28,train,2011_09_26/2011_09_26_drive_0005_sync,37,37,38,0000000037.png,0000000038.png,1,0.1035,False,True,1.8208633661270142,0.7151502370834351,0.7007318735122681,2.6168406009674072,0.6493866443634033,0.8400436043739319,0.7959772348403931,0.30417490256996627,0.06576359272003174,0.13931173086166382,2.6975271701812744,1.6987189054489136,0.370268101753815,1.566649317741394,0.7206632494926453,0.7328149080276489,0.0,1.303349111116785,0.8326563032010306
aligned_temporal_difference,4,5,512,28,28,train,2011_09_26/2011_09_26_drive_0005_sync,38,38,39,0000000038.png,0000000039.png,1,0.1035,False,True,1.9784842729568481,0.6985878944396973,0.7171643376350403,2.817380905151367,0.6271917819976807,0.8558056950569153,0.838896632194519,0.2977576197313825,0.0713961124420166,0.138641357421875,2.6168406009674072,1.5693987607955933,0.40026963804543164,1.4985567331314087,0.6760203838348389,0.6797187924385071,0.0,1.252756465078346,0.8239473736818196
aligned_temporal_difference,4,5,512,28,28,train,2011_09_26/2011_09_26_drive_0005_sync,39,39,40,0000000039.png,0000000040.png,1,0.1035,False,True,2.0867810249328613,0.6884415149688721,0.7277098894119263,3.062481641769409,0.6067799925804138,0.8815695643424988,0.9757006168365479,0.31859802962698497,0.08166152238845825,0.1538596749305725,2.817380905151367,1.6558924913406372,0.41225821176222094,1.5789995193481445,0.6734693646430969,0.6761110424995422,0.0,1.286814862884571,0.8521016715080916
aligned_temporal_difference,4,5,512,28,28,train,2011_09_26/2011_09_26_drive_0005_sync,40,40,41,0000000040.png,0000000041.png,1,0.1035,False,True,2.1280596256256104,0.6864832639694214,0.7295507788658142,3.1557459831237793,0.602509617805481,0.8884124159812927,1.027686357498169,0.32565560187480386,0.08397364616394043,0.15886163711547852,3.062481641769409,1.6396281719207764,0.4646079997483842,1.5120890140533447,0.651785671710968,0.6554840803146362,0.0,1.280479664782216,0.8734224949402571
aligned_temporal_difference,4,5,512,28,28,train,2011_09_26/2011_09_26_drive_0005_sync,41,41,42,0000000041.png,0000000042.png,1,0.1035,False,True,2.3898773193359375,0.6559782028198242,0.7591304183006287,3.527198314666748,0.5670632123947144,0.9222390651702881,1.1373209953308105,0.3224431670319238,0.08891499042510986,0.16310864686965942,3.1557459831237793,1.6061967611312866,0.4910246991611916,1.5155754089355469,0.6696428656578064,0.6728128790855408,0.0,1.2673581818614998,0.8931969765663653
aligned_temporal_difference,4,5,512,28,28,train,2011_09_26/2011_09_26_drive_0005_sync,42,42,43,0000000042.png,0000000043.png,1,0.1035,False,True,2.3844830989837646,0.6606692671775818,0.7553500533103943,3.5651779174804688,0.5718229413032532,0.9236165881156921,1.180694818496704,0.33117416460693994,0.08884632587432861,0.16826653480529785,3.527198314666748,1.9631686210632324,0.443419834688622,1.8091726303100586,0.6760203838348389,0.6802470684051514,0.0,1.4011311933802746,0.9035830553804856
aligned_temporal_difference,4,5,512,28,28,train,2011_09_26/2011_09_26_drive_0005_sync,43,43,44,0000000043.png,0000000044.png,1,0.1035,False,True,2.279975414276123,0.6569876670837402,0.7618449926376343,3.5569093227386475,0.5615494847297668,0.9515637755393982,1.2769339084625244,0.35900097320427254,0.09543818235397339,0.18971878290176392,3.5651779174804688,1.8680528402328491,0.4760281580693138,1.7547812461853027,0.6875,0.695953369140625,0.0,1.366767295567482,0.9206967987633012
aligned_temporal_difference,4,5,512,28,28,train,2011_09_26/2011_09_26_drive_0005_sync,44,44,45,0000000044.png,0000000045.png,1,0.1035,False,True,2.2174644470214844,0.6546154618263245,0.7621189951896667,3.380887985229492,0.5635890960693359,0.9410438537597656,1.1634235382080078,0.344117741637937,0.09102636575698853,0.17892485857009888,3.5569093227386475,1.909395456314087,0.46318691789310357,1.7690999507904053,0.7130101919174194,0.7140668630599976,0.0,1.3818087625695847,0.896985215383122
aligned_temporal_difference,4,5,512,28,28,train,2011_09_26/2011_09_26_drive_0005_sync,45,45,46,0000000045.png,0000000046.png,1,0.1035,False,True,2.5332396030426025,0.6385866403579712,0.7729088664054871,3.7074146270751953,0.5406708717346191,0.9350304007530212,1.1741750240325928,0.3167099291936784,0.09791576862335205,0.16212153434753418,3.380887985229492,1.861281394958496,0.44946966504358954,1.7115559577941895,0.7487244606018066,0.751894474029541,0.0,1.364287871000287,0.8702247972660825
aligned_temporal_difference,4,5,512,28,28,train,2011_09_26/2011_09_26_drive_0005_sync,46,46,47,0000000046.png,0000000047.png,1,0.1035,False,True,2.4210121631622314,0.6604737639427185,0.755754828453064,3.703554630279541,0.5632213354110718,0.9347422122955322,1.2825424671173096,0.3463004046521934,0.09725242853164673,0.17898738384246826,3.7074146270751953,2.1201744079589844,0.4281258987124393,1.965585470199585,0.77933669090271,0.7803933620452881,0.0,1.4560818685633663,0.9303577795724701
aligned_temporal_difference,4,5,512,28,28,train,2011_09_26/2011_09_26_drive_0005_sync,47,47,48,0000000047.png,0000000048.png,1,0.1035,False,True,2.3660826683044434,0.654104471206665,0.7638768553733826,3.712615966796875,0.5524901747703552,0.9568600654602051,1.3465332984924316,0.36269124265340513,0.10161429643630981,0.1929832100868225,3.703554630279541,2.061669111251831,0.44332693396878065,1.9098918437957764,0.7359693646430969,0.7364976406097412,0.0,1.4358513541630384,0.9333147725462269
aligned_temporal_difference,4,5,512,28,28,train,2011_09_26/2011_09_26_drive_0005_sync,48,48,49,0000000048.png,0000000049.png,1,0.1035,False,True,2.3901734352111816,0.6506391763687134,0.7661131620407104,3.64369797706604,0.5516709685325623,0.9459090828895569,1.2535245418548584,0.3440253692113678,0.09896820783615112,0.17979592084884644,3.712615966796875,2.1129772663116455,0.43086565235707536,1.942163348197937,0.8061224222183228,0.808235764503479,0.0,1.4536083607050578,0.8985409552676519
aligned_temporal_difference,4,5,512,28,28,train,2011_09_26/2011_09_26_drive_0005_sync,49,49,50,0000000049.png,0000000050.png,1,0.1035,False,True,2.3740620613098145,0.6624317169189453,0.7530954480171204,3.569561719894409,0.5678125619888306,0.9234458208084106,1.1954996585845947,0.3349149706311728,0.09461915493011475,0.17035037279129028,3.64369797706604,2.101938009262085,0.4231305606304404,1.9474334716796875,0.8494898080825806,0.8558298349380493,0.0,1.4498061971388054,0.9024444127597765
aligned_temporal_difference,4,5,512,28,28,train,2011_09_26/2011_09_26_drive_0005_sync,50,50,51,0000000050.png,0000000051.png,1,0.1035,False,True,2.3407673835754395,0.6639312505722046,0.7537798285484314,3.5617787837982178,0.5711808204650879,0.9298199415206909,1.2210114002227783,0.3428094427921527,0.0927504301071167,0.17604011297225952,3.569561719894409,1.9650295972824097,0.44950395833454393,1.8247191905975342,0.8443877100944519,0.8512560725212097,0.0,1.4017951338488837,0.8940957354355253
aligned_temporal_difference,4,5,512,28,28,train,2011_09_26/2011_09_26_drive_0005_sync,51,51,52,0000000051.png,0000000052.png,1,0.1035,False,True,2.2995853424072266,0.6608321666717529,0.757714569568634,3.479616641998291,0.5717994570732117,0.9320657849311829,1.1800312995910645,0.33912681223222063,0.08903270959854126,0.17435121536254883,3.5617787837982178,1.9092687368392944,0.46395639574131997,1.7555956840515137,0.8890305757522583,0.9027673006057739,0.0,1.3817629090546955,0.8818969029573007
aligned_temporal_difference,4,5,512,28,28,train,2011_09_26/2011_09_26_drive_0005_sync,52,52,53,0000000052.png,0000000053.png,1,0.1035,False,True,2.264439344406128,0.6702694892883301,0.7469272613525391,3.312925100326538,0.5891937017440796,0.9034492373466492,1.0484857559204102,0.3164833867862169,0.08107578754425049,0.1565219759941101,3.479616641998291,1.877531886100769,0.46041990274465094,1.686657190322876,0.8711734414100647,0.8796268105506897,0.0,1.3702305959584937,0.8569508086211565
aligned_temporal_difference,4,5,512,28,28,train,2011_09_26/2011_09_26_drive_0005_sync,53,53,54,0000000053.png,0000000054.png,1,0.1035,False,True,2.211859941482544,0.6783889532089233,0.7390490770339966,3.2331337928771973,0.6012639999389648,0.893524169921875,1.0212738513946533,0.3158773860966056,0.0771249532699585,0.15447509288787842,3.312925100326538,1.8355419635772705,0.44594522725661667,1.6951285600662231,0.8380101919174194,0.8464635610580444,0.0,1.3548217460526941,0.8541379706672019
aligned_temporal_difference,4,5,512,28,28,train,2011_09_26/2011_09_26_drive_0005_sync,54,54,55,0000000054.png,0000000055.png,1,0.1035,False,True,2.206510543823242,0.6784039735794067,0.7393550872802734,3.220550060272217,0.6017156839370728,0.8932336568832397,1.0140395164489746,0.3148653172505764,0.07668828964233398,0.1538785696029663,3.2331337928771973,1.8226114511489868,0.43627094704081915,1.6653401851654053,0.8456632494926453,0.8525315523147583,0.0,1.3500412775722774,0.8348016955124947
aligned_temporal_difference,4,5,512,28,28,train,2011_09_26/2011_09_26_drive_0005_sync,55,55,56,0000000055.png,0000000056.png,1,0.1035,False,True,2.0782470703125,0.6809902191162109,0.7393383979797363,3.152637004852295,0.5980654358863831,0.9106084108352661,1.074389934539795,0.34079087852048207,0.08292478322982788,0.17127001285552979,3.220550060272217,1.7827048301696777,0.44645951877580975,1.6152393817901611,0.795918345451355,0.8080701231956482,0.0,1.3351796995796774,0.8407942605053199
aligned_temporal_difference,4,5,512,28,28,train,2011_09_26/2011_09_26_drive_0005_sync,56,56,57,0000000056.png,0000000057.png,1,0.1035,False,True,1.7303115129470825,0.7154626846313477,0.7032986879348755,2.5920889377593994,0.6454875469207764,0.8608007431030273,0.8617774248123169,0.332464450682482,0.06997513771057129,0.15750205516815186,3.152637004852295,1.78938627243042,0.4324160156477466,1.6003408432006836,0.8112244606018066,0.8207345008850098,0.0,1.337679435601228,0.8081802932810886
aligned_temporal_difference,4,5,512,28,28,train,2011_09_26/2011_09_26_drive_0005_sync,57,57,58,0000000057.png,0000000058.png,1,0.1035,False,True,1.7047486305236816,0.7155669927597046,0.701015293598175,2.4123618602752686,0.653760552406311,0.8339087963104248,0.7076132297515869,0.2933279792737409,0.061806440353393555,0.13289350271224976,2.5920889377593994,1.5198451280593872,0.4136601156235246,1.3799229860305786,0.7397959232330322,0.7434942722320557,0.0,1.2328199901280752,0.7467295149837195
aligned_temporal_difference,4,5,512,28,28,train,2011_09_26/2011_09_26_drive_0005_sync,58,58,59,0000000058.png,0000000059.png,1,0.1035,False,True,1.4571093320846558,0.7475441694259644,0.6658763885498047,2.043611526489258,0.697735071182251,0.7885817289352417,0.586502194404602,0.28699299588124777,0.04980909824371338,0.12270534038543701,2.4123618602752686,1.522014856338501,0.36907688626579943,1.358035922050476,0.7079081535339355,0.7131915092468262,0.0,1.2336996621295238,0.7323775621360579
aligned_temporal_difference,4,5,512,28,28,train,2011_09_26/2011_09_26_drive_0005_sync,59,59,60,0000000059.png,0000000060.png,1,0.1035,False,True,1.4443931579589844,0.7519795894622803,0.6595060229301453,1.9206444025039673,0.709316611289978,0.7605006098747253,0.4762512445449829,0.2479642998589892,0.042662978172302246,0.10099458694458008,2.043611526489258,1.4427467584609985,0.2940210310227068,1.2852206230163574,0.49872449040412903,0.49978116154670715,0.0,1.20114393744505,0.7203259398557426
aligned_temporal_difference,4,5,512,28,28,train,2011_09_26/2011_09_26_drive_0005_sync,60,60,61,0000000060.png,0000000061.png,1,0.1035,False,True,1.2129929065704346,0.7815318703651428,0.6239306926727295,1.6397453546524048,0.74563068151474,0.725429892539978,0.4267524480819702,0.26025531761450466,0.03590118885040283,0.10149919986724854,1.9206444025039673,1.3901093006134033,0.27622765630061397,1.2659120559692383,0.4744897782802582,0.4787164628505707,0.0,1.1790289651291028,0.7285375924160572
aligned_temporal_difference,4,5,512,28,28,train,2011_09_26/2011_09_26_drive_0005_sync,61,61,62,0000000061.png,0000000062.png,1,0.1035,False,True,1.0696078538894653,0.8031215071678162,0.5959692597389221,1.273479700088501,0.7922806143760681,0.6502907872200012,0.20387184619903564,0.16009037771459372,0.010840892791748047,0.0543215274810791,1.6397453546524048,1.2550928592681885,0.234580628201112,1.1123173236846924,0.2780612111091614,0.2849295437335968,0.0,1.1203092694734738,0.6801316794004536
aligned_temporal_difference,4,5,512,28,28,train,2011_09_26/2011_09_26_drive_0005_sync,62,62,63,0000000062.png,0000000063.png,1,0.1035,False,True,0.8724332451820374,0.84150230884552,0.5421682000160217,0.9114845395088196,0.8475865125656128,0.5541694760322571,0.03905129432678223,0.042843616796644925,-0.0060842037200927734,0.012001276016235352,1.273479700088501,1.088403344154358,0.1453312180172806,0.9654940366744995,0.2716836631298065,0.27960866689682007,0.0,1.043265711194592,0.6252178527715768
aligned_temporal_difference,4,5,512,28,28,train,2011_09_26/2011_09_26_drive_0005_sync,63,63,64,0000000063.png,0000000064.png,1,0.1035,False,True,0.8501983284950256,0.8442497849464417,0.5383669137954712,0.8671454191207886,0.8530746698379517,0.5437060594558716,0.01694709062576294,0.01954353935577016,-0.00882488489151001,0.005339145660400391,0.9114845395088196,0.8007686138153076,0.1214676946173706,0.743342936038971,0.1964285671710968,0.20329691469669342,0.0,0.8948567560315492,0.6134228391056514
aligned_temporal_difference,4,5,512,28,28,train,2011_09_26/2011_09_26_drive_0005_sync,64,64,65,0000000064.png,0000000065.png,1,0.1035,False,True,0.8612551689147949,0.8480872511863708,0.5347589254379272,0.8491559028625488,0.8572412133216858,0.530989408493042,-0.012099266052246094,-0.014248580280086185,-0.009153962135314941,-0.003769516944885254,0.8671454191207886,0.7375392913818359,0.1494629676650569,0.6878899931907654,0.15688775479793549,0.17220942676067352,0.0,0.8588010778881429,0.6130325153137673
aligned_temporal_difference,4,5,512,28,28,train,2011_09_26/2011_09_26_drive_0005_sync,65,65,66,0000000065.png,0000000066.png,1,0.1035,False,True,0.9591458439826965,0.8258262872695923,0.565384566783905,1.0245107412338257,0.829597532749176,0.584332287311554,0.06536489725112915,0.06380108535749437,-0.0037712454795837402,0.018947720527648926,0.8491559028625488,0.7285630702972412,0.14201494938536363,0.6844025254249573,0.1696428507566452,0.1839078813791275,0.0,0.8535590608137443,0.6265311559128794
aligned_temporal_difference,4,5,512,28,28,train,2011_09_26/2011_09_26_drive_0005_sync,66,66,67,0000000066.png,0000000067.png,1,0.1035,False,True,1.1201441287994385,0.7933247089385986,0.6090171337127686,1.210221290588379,0.7989898324012756,0.6330309510231018,0.09007716178894043,0.07443032318919723,-0.005665123462677002,0.024013817310333252,1.0245107412338257,0.8764778971672058,0.14449125627354853,0.7982674241065979,0.2104591727256775,0.21944084763526917,0.0,0.9362039826700193,0.6457222540503302
aligned_temporal_difference,4,5,512,28,28,train,2011_09_26/2011_09_26_drive_0005_sync,67,67,68,0000000067.png,0000000068.png,1,0.1035,False,True,1.1987061500549316,0.755805253982544,0.6565567851066589,1.4618377685546875,0.7486326694488525,0.7250459790229797,0.26313161849975586,0.18000056104714884,0.007172584533691406,0.0684891939163208,1.210221290588379,1.0017415285110474,0.17226581923374853,0.9233592748641968,0.24872449040412903,0.2592911422252655,0.0,1.0008703854700904,0.6670265914958056
aligned_temporal_difference,4,5,512,28,28,train,2011_09_26/2011_09_26_drive_0005_sync,68,68,69,0000000068.png,0000000069.png,1,0.1035,False,True,1.0897051095962524,0.7756376266479492,0.6312906742095947,1.2559324502944946,0.7723019123077393,0.6777320504188538,0.1662273406982422,0.13235372703306195,0.003335714340209961,0.04644137620925903,1.4618377685546875,1.1431159973144531,0.218028141081177,1.0484123229980469,0.4107142686843872,0.42286595702171326,0.0,1.0691660288816014,0.6337525014809141
aligned_temporal_difference,4,5,512,28,28,train,2011_09_26/2011_09_26_drive_0005_sync,69,69,70,0000000069.png,0000000070.png,1,0.1035,False,True,1.202356219291687,0.7549933195114136,0.6558582782745361,1.4152039289474487,0.7441093325614929,0.7115459442138672,0.21284770965576172,0.1504007339875506,0.010883986949920654,0.055687665939331055,1.2559324502944946,1.0895469188690186,0.13247968183835168,0.9913396835327148,0.41709181666374207,0.43188515305519104,0.0,1.0438136418293347,0.6275517585579002
aligned_temporal_difference,4,5,512,28,28,train,2011_09_26/2011_09_26_drive_0005_sync,70,70,71,0000000070.png,0000000071.png,1,0.1035,False,True,1.2233024835586548,0.7322472333908081,0.6841745972633362,1.5869933366775513,0.7069774270057678,0.779269278049469,0.3636908531188965,0.2291697417459239,0.025269806385040283,0.09509468078613281,1.4152039289474487,1.0184189081192017,0.2803730350885572,0.975007176399231,0.5522959232330322,0.5528242588043213,0.0,1.0091674331443725,0.6428492011987512
aligned_temporal_difference,4,5,512,28,28,train,2011_09_26/2011_09_26_drive_0005_sync,71,71,72,0000000071.png,0000000072.png,1,0.1035,False,True,1.3584705591201782,0.6966149806976318,0.7217129468917847,1.8173002004623413,0.6519548892974854,0.8347429037094116,0.4588296413421631,0.2524787270839632,0.044660091400146484,0.11302995681762695,1.5869933366775513,1.0774238109588623,0.32109115642885927,1.00289785861969,0.6135203838348389,0.6346537470817566,0.0,1.037990274982797,0.6314333026379849
aligned_temporal_difference,4,5,512,28,28,train,2011_09_26/2011_09_26_drive_0005_sync,72,72,73,0000000072.png,0000000073.png,1,0.1035,False,True,1.4984772205352783,0.6702862977981567,0.7475773692131042,2.0148823261260986,0.6191262006759644,0.8668739199638367,0.5164051055908203,0.25629541680663975,0.05116009712219238,0.11929655075073242,1.8173002004623413,1.0105106830596924,0.44394950113216997,0.9116702079772949,0.7155612111091614,0.7319394946098328,0.0,1.0052416043219123,0.6357880559684947
aligned_temporal_difference,4,5,512,28,28,train,2011_09_26/2011_09_26_drive_0005_sync,73,73,74,0000000073.png,0000000074.png,1,0.1035,False,True,1.5159872770309448,0.6508771777153015,0.7712419629096985,2.1356468200683594,0.591839075088501,0.915393054485321,0.6196595430374146,0.29015075770701637,0.05903810262680054,0.14415109157562256,2.0148823261260986,0.9586150050163269,0.524232759111346,0.8716768622398376,0.7946428656578064,0.8131345510482788,0.0,0.9790888647187889,0.6511421558392432
aligned_temporal_difference,4,5,512,28,28,train,2011_09_26/2011_09_26_drive_0005_sync,74,74,75,0000000074.png,0000000075.png,1,0.1035,False,True,1.5927777290344238,0.625190794467926,0.7936784625053406,2.26442289352417,0.5540052056312561,0.9463369250297546,0.6716451644897461,0.29660765505000275,0.07118558883666992,0.15265846252441406,2.1356468200683594,1.0223159790039062,0.5213085003581336,0.89529949426651,0.795918345451355,0.8122966289520264,0.0,1.0110964241870832,0.649965439391168
aligned_temporal_difference,4,5,512,28,28,train,2011_09_26/2011_09_26_drive_0005_sync,75,75,76,0000000075.png,0000000076.png,1,0.1035,False,True,1.6859289407730103,0.6097021698951721,0.8050789833068848,2.420804738998413,0.5281288623809814,0.9647143483161926,0.7348757982254028,0.30356673811265394,0.08157330751419067,0.15963536500930786,2.26442289352417,1.0417546033859253,0.53994697440785,0.8816529512405396,0.8341836333274841,0.8426370024681091,0.0,1.020663805268868,0.6595564154238821
aligned_temporal_difference,4,5,512,28,28,train,2011_09_26/2011_09_26_drive_0005_sync,76,76,77,0000000076.png,0000000077.png,1,0.1035,False,True,1.5435158014297485,0.6153061389923096,0.8103569149971008,2.2832117080688477,0.5395878553390503,0.985584557056427,0.7396959066390991,0.32397166851633646,0.07571828365325928,0.17522764205932617,2.420804738998413,1.1325844526290894,0.5321454744434753,0.9712196588516235,0.8188775181770325,0.8220475316047668,0.0,1.064229511256425,0.6576904428284445
aligned_temporal_difference,4,5,512,28,28,train,2011_09_26/2011_09_26_drive_0005_sync,77,77,78,0000000077.png,0000000078.png,1,0.1035,False,True,1.5132904052734375,0.631286084651947,0.7858164310455322,2.1015548706054688,0.5624017715454102,0.9260412454605103,0.5882644653320312,0.27991868000217823,0.06888431310653687,0.14022481441497803,2.2832117080688477,1.075764536857605,0.52883714941726,0.9768646955490112,0.8265305757522583,0.8286439180374146,0.0,1.0371906945483096,0.622636785645707
aligned_temporal_difference,4,5,512,28,28,train,2011_09_26/2011_09_26_drive_0005_sync,78,78,79,0000000078.png,0000000079.png,1,0.1035,False,True,1.7053136825561523,0.6120967864990234,0.8000492453575134,2.412456512451172,0.5288054943084717,0.95157790184021,0.7071428298950195,0.29312148270665755,0.08329129219055176,0.15152865648269653,2.1015548706054688,0.9870471358299255,0.5303253083534516,0.9004384279251099,0.8086734414100647,0.8118434548377991,0.0,0.9935024588947556,0.6473636237612704
aligned_temporal_difference,4,5,512,28,28,train,2011_09_26/2011_09_26_drive_0005_sync,79,79,80,0000000079.png,0000000080.png,1,0.1035,False,True,1.6586894989013672,0.609671950340271,0.8077946901321411,2.48679518699646,0.5224794149398804,0.9890959858894348,0.8281056880950928,0.33300116247018924,0.08719253540039062,0.1813012957572937,2.412456512451172,1.1728322505950928,0.51384315342396,1.0660803318023682,0.8239795565605164,0.8271495699882507,0.0,1.0829737995884723,0.6948704332221176
aligned_temporal_difference,4,5,512,28,28,train,2011_09_26/2011_09_26_drive_0005_sync,80,80,81,0000000080.png,0000000081.png,1,0.1035,False,True,1.7085001468658447,0.5976994037628174,0.817876935005188,2.5148279666900635,0.5065141916275024,0.9922807812690735,0.8063278198242188,0.3206294150154063,0.09118521213531494,0.1744038462638855,2.48679518699646,1.2862380743026733,0.48277281497549224,1.153558373451233,0.8303571343421936,0.8382822275161743,0.0,1.134124364566194,0.6718122985325663
aligned_temporal_difference,4,5,512,28,28,train,2011_09_26/2011_09_26_drive_0005_sync,81,81,82,0000000081.png,0000000082.png,1,0.1035,False,True,1.74797523021698,0.5945487022399902,0.8190669417381287,2.6187632083892822,0.49247676134109497,1.0025357007980347,0.8707879781723022,0.33251879184139604,0.10207194089889526,0.183468759059906,2.5148279666900635,1.3328185081481934,0.47001603059854363,1.2181419134140015,0.8622449040412903,0.8728116154670715,0.0,1.1544775910117067,0.6947120045103693
aligned_temporal_difference,4,5,512,28,28,train,2011_09_26/2011_09_26_drive_0005_sync,82,82,83,0000000082.png,0000000083.png,1,0.1035,False,True,1.7065167427062988,0.6030699014663696,0.8131538033485413,2.5800325870513916,0.5025441646575928,0.9998388886451721,0.8735158443450928,0.33856775636442504,0.10052573680877686,0.18668508529663086,2.6187632083892822,1.3807506561279297,0.4727470388675632,1.2776710987091064,0.8494898080825806,0.8669248223304749,0.0,1.1750534694761468,0.69702832540973
aligned_temporal_difference,4,5,512,28,28,train,2011_09_26/2011_09_26_drive_0005_sync,83,83,84,0000000083.png,0000000084.png,1,0.1035,False,True,1.7015626430511475,0.6008278131484985,0.8163599967956543,2.5792055130004883,0.4976359009742737,1.005080223083496,0.8776428699493408,0.3402764399833906,0.10319191217422485,0.1887202262878418,2.5800325870513916,1.3564281463623047,0.4742592968903125,1.2578617334365845,0.8520408272743225,0.8626075387001038,0.0,1.1646579525175211,0.6902107636278151
aligned_temporal_difference,4,5,512,28,28,train,2011_09_26/2011_09_26_drive_0005_sync,84,84,85,0000000084.png,0000000085.png,1,0.1035,False,True,1.790100336074829,0.5996768474578857,0.812388002872467,2.630845546722412,0.5005977153778076,0.9848554134368896,0.840745210647583,0.31957224235189674,0.09907913208007812,0.1724674105644226,2.5792055130004883,1.3848073482513428,0.4630876286239232,1.287399411201477,0.8826530575752258,0.8895213603973389,0.0,1.1767783768625861,0.6885244366389169
aligned_temporal_difference,4,5,512,28,28,train,2011_09_26/2011_09_26_drive_0005_sync,85,85,86,0000000085.png,0000000086.png,1,0.1035,False,True,1.7957274913787842,0.6005488038063049,0.8157623410224915,2.7053146362304688,0.5000194311141968,1.0012725591659546,0.9095871448516846,0.3362223131720771,0.10052937269210815,0.18551021814346313,2.630845546722412,1.4277465343475342,0.4573050720798625,1.317893147468567,0.8673469424247742,0.8731586337089539,0.0,1.1948834814941305,0.7112522057497386
aligned_temporal_difference,4,5,512,28,28,train,2011_09_26/2011_09_26_drive_0005_sync,86,86,87,0000000086.png,0000000087.png,1,0.1035,False,True,1.7359637022018433,0.6079285144805908,0.8106309175491333,2.5850088596343994,0.5159639120101929,0.9891993999481201,0.8490451574325562,0.3284496121814598,0.09196460247039795,0.17856848239898682,2.7053146362304688,1.437373399734497,0.4686853127969971,1.3263185024261475,0.8456632494926453,0.8514750003814697,0.0,1.1989050837053352,0.6989451890856956
aligned_temporal_difference,4,5,512,28,28,train,2011_09_26/2011_09_26_drive_0005_sync,87,87,88,0000000087.png,0000000088.png,1,0.1035,False,True,1.854447603225708,0.5947130918502808,0.8176797032356262,2.6863203048706055,0.5040968656539917,0.9841353893280029,0.8318727016448975,0.30966996010736964,0.09061622619628906,0.1664556860923767,2.5850088596343994,1.4122849702835083,0.45366339267276273,1.2828301191329956,0.8494898080825806,0.8516031503677368,0.0,1.188395965275677,0.6876253317253285
aligned_temporal_difference,4,5,512,28,28,train,2011_09_26/2011_09_26_drive_0005_sync,88,88,89,0000000088.png,0000000089.png,1,0.1035,False,True,1.8424776792526245,0.59084153175354,0.8263035416603088,2.7182209491729736,0.5033085346221924,1.003646731376648,0.8757432699203491,0.3221751602594324,0.08753299713134766,0.1773431897163391,2.6863203048706055,1.5003293752670288,0.4414927465847016,1.3676599264144897,0.8545918464660645,0.8630452156066895,0.0,1.2248793309004071,0.7205111860535983
aligned_temporal_difference,4,5,512,28,28,train,2011_09_26/2011_09_26_drive_0005_sync,89,89,90,0000000089.png,0000000090.png,1,0.1035,False,True,1.7760292291641235,0.606785774230957,0.8095586895942688,2.552825450897217,0.5279903411865234,0.9705856442451477,0.7767962217330933,0.30428881123074053,0.0787954330444336,0.1610269546508789,2.7182209491729736,1.4095841646194458,0.48143135124894254,1.290137529373169,0.8609693646430969,0.8710078001022339,0.0,1.1872590975096573,0.695106604448119
aligned_temporal_difference,4,5,512,28,28,train,2011_09_26/2011_09_26_drive_0005_sync,90,90,91,0000000090.png,0000000091.png,1,0.1035,False,True,1.829744577407837,0.602649986743927,0.8124645948410034,2.5819294452667236,0.5290359854698181,0.9651201367378235,0.7521848678588867,0.291326654660458,0.07361400127410889,0.15265554189682007,2.552825450897217,1.3126744031906128,0.48579547311812493,1.1887683868408203,0.8227040767669678,0.8322139978408813,0.0,1.1457200370031995,0.6872044708390734
aligned_temporal_difference,4,5,512,28,28,val,2011_09_26/2011_09_26_drive_0005_sync,0,92,93,0000000092.png,0000000093.png,1,0.1035,False,False,1.8813838958740234,0.5886838436126709,0.8318814039230347,2.4931817054748535,0.5479608178138733,0.9576342701911926,0.6117978096008301,0.24538837592838286,0.04072302579879761,0.12575286626815796,,,,,,,0.0,0.0,0.6212646920905752
aligned_temporal_difference,4,5,512,28,28,val,2011_09_26/2011_09_26_drive_0005_sync,1,93,94,0000000093.png,0000000094.png,1,0.1035,False,True,1.913826584815979,0.5812561511993408,0.834465742111206,2.5506086349487305,0.5334696173667908,0.9633389711380005,0.6367820501327515,0.24965886236229706,0.04778653383255005,0.12887322902679443,2.4931817054748535,1.2535916566848755,0.4971920201676134,1.1739650964736938,0.8341836333274841,0.8399953842163086,0.0,1.1196390742935312,0.6797914315925805
aligned_temporal_difference,4,5,512,28,28,val,2011_09_26/2011_09_26_drive_0005_sync,2,94,95,0000000094.png,0000000095.png,1,0.1035,False,True,2.079669713973999,0.5644820928573608,0.8464871048927307,2.701115846633911,0.5221889019012451,0.9647055864334106,0.6214461326599121,0.23007015172427672,0.04229319095611572,0.11821848154067993,2.5506086349487305,1.2802119255065918,0.4980759070737149,1.1936439275741577,0.858418345451355,0.8615883588790894,0.0,1.1314645047488638,0.6802319067413738
aligned_temporal_difference,4,5,512,28,28,val,2011_09_26/2011_09_26_drive_0005_sync,3,95,96,0000000095.png,0000000096.png,1,0.1035,False,True,2.1101715564727783,0.5667296051979065,0.8463453650474548,2.767894983291626,0.5267331600189209,0.9693119525909424,0.6577234268188477,0.23762586037013306,0.039996445178985596,0.12296658754348755,2.701115846633911,1.415152668952942,0.4760859032697604,1.310050129890442,0.8405612111091614,0.8437312245368958,0.0,1.18960189515356,0.7170661607540971
aligned_temporal_difference,4,5,512,28,28,val,2011_09_26/2011_09_26_drive_0005_sync,4,96,97,0000000096.png,0000000097.png,1,0.1035,False,True,2.203535318374634,0.5672250986099243,0.8443483710289001,2.8261184692382812,0.5320026874542236,0.9562177658081055,0.6225831508636475,0.22029619693595195,0.035222411155700684,0.11186939477920532,2.767894983291626,1.4448237419128418,0.4780063005878085,1.336809754371643,0.8290815949440002,0.8322516083717346,0.0,1.2020082120821145,0.7033337812926989
aligned_temporal_difference,4,5,512,28,28,val,2011_09_26/2011_09_26_drive_0005_sync,5,97,98,0000000097.png,0000000098.png,1,0.1035,False,True,2.3390495777130127,0.5312316417694092,0.8821684122085571,3.054172992706299,0.49907541275024414,1.0080418586730957,0.7151234149932861,0.23414633575147167,0.03215622901916504,0.12587344646453857,2.8261184692382812,1.5157305002212524,0.4636705726530337,1.4268275499343872,0.8214285373687744,0.8288252353668213,0.0,1.2311500721769268,0.7290373051652023
aligned_temporal_difference,4,5,512,28,28,val,2011_09_26/2011_09_26_drive_0005_sync,6,98,99,0000000098.png,0000000099.png,1,0.1035,False,True,2.4420785903930664,0.5106922388076782,0.8958738446235657,3.12803053855896,0.48284101486206055,1.013917326927185,0.6859519481658936,0.21929196013601007,0.027851223945617676,0.11804348230361938,3.054172992706299,1.7526205778121948,0.42615543323916305,1.5829377174377441,0.8826530575752258,0.8979747295379639,0.0,1.3238657703151762,0.7338094359700167
aligned_temporal_difference,4,5,512,28,28,val,2011_09_26/2011_09_26_drive_0005_sync,7,99,100,0000000099.png,0000000100.png,1,0.1035,False,True,2.420254707336426,0.4969128966331482,0.9132463932037354,3.1453826427459717,0.4710220396518707,1.0411041975021362,0.7251279354095459,0.23053727249429248,0.025890856981277466,0.12785780429840088,3.12803053855896,1.867146372795105,0.40309202554803913,1.6629223823547363,0.8724489808082581,0.8851290345191956,0.0,1.366435645317812,0.7460432984235641
aligned_temporal_difference,4,5,512,28,28,val,2011_09_26/2011_09_26_drive_0005_sync,8,100,101,0000000100.png,0000000101.png,1,0.1035,False,True,2.355710029602051,0.4990275204181671,0.9098330736160278,2.9863927364349365,0.4804403781890869,1.0244110822677612,0.6306827068328857,0.21118545432365848,0.0185871422290802,0.1145780086517334,3.1453826427459717,1.8581467866897583,0.40924618790813794,1.6393691301345825,0.9132652878761292,0.9301720261573792,0.0,1.3631385794150785,0.7326820420085743
aligned_temporal_difference,4,5,512,28,28,val,2011_09_26/2011_09_26_drive_0005_sync,9,101,102,0000000101.png,0000000102.png,1,0.1035,False,True,2.0267515182495117,0.5210952162742615,0.9036371111869812,2.6267051696777344,0.5081685185432434,1.028725504875183,0.5999536514282227,0.22840540246160548,0.012926697731018066,0.1250883936882019,2.9863927364349365,1.5308890342712402,0.4873785300928744,1.39155113697052,0.90433669090271,0.9207150936126709,0.0,1.237291006300151,0.7261168230764935
aligned_temporal_difference,4,5,512,28,28,val,2011_09_26/2011_09_26_drive_0005_sync,10,102,103,0000000102.png,0000000103.png,1,0.1035,False,True,1.8908591270446777,0.5494512319564819,0.8646630644798279,2.287283420562744,0.5435857772827148,0.950993001461029,0.3964242935180664,0.17331664714315706,0.00586545467376709,0.08632993698120117,2.6267051696777344,1.1901893615722656,0.5468888646843117,1.0960047245025635,0.9285714030265808,0.940723180770874,0.0,1.0909580017453768,0.6489293175135259
aligned_temporal_difference,4,5,512,28,28,val,2011_09_26/2011_09_26_drive_0005_sync,11,103,104,0000000103.png,0000000104.png,1,0.1035,False,True,1.9587867259979248,0.5184029340744019,0.8954178690910339,2.421417713165283,0.5130821466445923,0.99555903673172,0.4626309871673584,0.1910579015970797,0.00532078742980957,0.10014116764068604,2.287283420562744,1.027445673942566,0.5508008912643708,0.9602221846580505,0.8762754797935486,0.8810304999351501,0.0,1.0136299492135017,0.6580644908668039
aligned_temporal_difference,4,5,512,28,28,val,2011_09_26/2011_09_26_drive_0005_sync,12,104,105,0000000104.png,0000000105.png,1,0.1035,False,True,2.0798892974853516,0.4970554709434509,0.9039598703384399,2.562101125717163,0.4864889979362488,1.0032916069030762,0.4822118282318115,0.1882095220175334,0.010566473007202148,0.09933173656463623,2.421417713165283,1.0935028791427612,0.5484038655547243,1.013259768486023,0.875,0.8813400268554688,0.0,1.0457068801259564,0.6637237806942714
aligned_temporal_difference,4,5,512,28,28,val,2011_09_26/2011_09_26_drive_0005_sync,13,105,106,0000000105.png,0000000106.png,1,0.1035,False,True,2.0798380374908447,0.5039539337158203,0.9006630778312683,2.5668022632598877,0.4976188540458679,1.0005615949630737,0.48696422576904297,0.1897162990461872,0.006335079669952393,0.09989851713180542,2.562101125717163,1.2915472984313965,0.4959030752270261,1.1443244218826294,0.9056122303009033,0.9188205599784851,0.0,1.1364626251801668,0.683840832334522
aligned_temporal_difference,4,5,512,28,28,val,2011_09_26/2011_09_26_drive_0005_sync,14,106,107,0000000106.png,0000000107.png,1,0.1035,False,True,2.0405385494232178,0.5148540139198303,0.8938688039779663,2.4452431201934814,0.5222076177597046,0.9785035252571106,0.40470457077026367,0.1655068845417061,-0.007353603839874268,0.08463472127914429,2.5668022632598877,1.215541958808899,0.5264372420861366,1.0962107181549072,0.8698979616165161,0.8820496201515198,0.0,1.1025161943522186,0.6759540138572981
aligned_temporal_difference,4,5,512,28,28,val,2011_09_26/2011_09_26_drive_0005_sync,15,107,108,0000000107.png,0000000108.png,1,0.1035,False,True,2.005289077758789,0.5231034159660339,0.8856092691421509,2.396331310272217,0.5311092138290405,0.9681152701377869,0.39104223251342773,0.16318370954682657,-0.008005797863006592,0.08250600099563599,2.4452431201934814,1.107947587966919,0.5468967568839324,1.0070431232452393,0.8609693646430969,0.8736494183540344,0.0,1.05259089297168,0.6769553552624944
aligned_temporal_difference,4,5,512,28,28,val,2011_09_26/2011_09_26_drive_0005_sync,16,108,109,0000000108.png,0000000109.png,1,0.1035,False,True,1.9821909666061401,0.5270805954933167,0.8817893266677856,2.3534293174743652,0.5390902757644653,0.9608215093612671,0.3712383508682251,0.15774357364878405,-0.012009680271148682,0.07903218269348145,2.396331310272217,1.0482643842697144,0.5625544849428044,0.9500905275344849,0.8928571343421936,0.9007821679115295,0.0,1.0238478325755807,0.6754153148403049
aligned_temporal_difference,4,5,512,28,28,val,2011_09_26/2011_09_26_drive_0005_sync,17,109,110,0000000109.png,0000000110.png,1,0.1035,False,True,1.9355053901672363,0.5394502282142639,0.872363805770874,2.281795024871826,0.5519375205039978,0.9471936225891113,0.34628963470458984,0.15176193782964434,-0.012487292289733887,0.0748298168182373,2.3534293174743652,0.9996955990791321,0.5752174957385261,0.8995183706283569,0.9068877100944519,0.924322783946991,0.0,0.9998477879553128,0.6637974378369137
aligned_temporal_difference,4,5,512,28,28,val,2011_09_26/2011_09_26_drive_0005_sync,18,110,111,0000000110.png,0000000111.png,1,0.1035,False,True,1.8230911493301392,0.5628010034561157,0.8536473512649536,2.138157606124878,0.5762108564376831,0.9244728684425354,0.31506645679473877,0.1473541781448722,-0.013409852981567383,0.07082551717758179,2.281795024871826,0.9281415343284607,0.5932406179294757,0.8085777759552002,0.9145408272743225,0.9224658608436584,0.0,0.9634010246664992,0.6574961093961533
aligned_temporal_difference,4,5,512,28,28,val,2011_09_26/2011_09_26_drive_0005_sync,19,111,112,0000000111.png,0000000112.png,1,0.1035,False,True,1.7577186822891235,0.5730903148651123,0.8445822596549988,2.047579050064087,0.5876917839050293,0.9115648865699768,0.2898603677749634,0.1415624797322922,-0.014601469039916992,0.06698262691497803,2.138157606124878,0.7759729623794556,0.6370833655308498,0.7106475830078125,0.8711734414100647,0.8754001259803772,0.0,0.8808932752493094,0.6412852536748452
aligned_temporal_difference,4,5,512,28,28,val,2011_09_26/2011_09_26_drive_0005_sync,20,112,113,0000000112.png,0000000113.png,1,0.1035,False,True,1.788174033164978,0.5649279356002808,0.850303590297699,2.079843044281006,0.5787544846534729,0.9170318245887756,0.29166901111602783,0.14023606825430268,-0.013826549053192139,0.06672823429107666,2.047579050064087,0.7320091128349304,0.6425001941624576,0.6786230802536011,0.8724489808082581,0.8766756653785706,0.0,0.8555753110246522,0.6405446071889358
aligned_temporal_difference,4,5,512,28,28,val,2011_09_26/2011_09_26_drive_0005_sync,21,113,114,0000000113.png,0000000114.png,1,0.1035,False,True,1.7831244468688965,0.5953056812286377,0.8159435987472534,1.9948468208312988,0.6132520437240601,0.8630264401435852,0.21172237396240234,0.10613465242116822,-0.017946362495422363,0.04708284139633179,2.079843044281006,0.7612773776054382,0.6339736406077656,0.6918922066688538,0.875,0.8829249739646912,0.0,0.8725121074262742,0.647886869740962
aligned_temporal_difference,4,5,512,28,28,val,2011_09_26/2011_09_26_drive_0005_sync,22,114,115,0000000114.png,0000000115.png,1,0.1035,False,True,1.7558400630950928,0.6184890270233154,0.7963191270828247,1.949888825416565,0.6421293616294861,0.8391693234443665,0.19404876232147217,0.09951785957848983,-0.023640334606170654,0.04285019636154175,1.9948468208312988,0.7685736417770386,0.6147204718922948,0.6717222929000854,0.8494898080825806,0.8621698021888733,0.0,0.8766833189795723,0.6793966657663415
aligned_temporal_difference,4,5,512,28,28,val,2011_09_26/2011_09_26_drive_0005_sync,23,115,116,0000000115.png,0000000116.png,1,0.1035,False,True,1.8053467273712158,0.6233034729957581,0.7921411395072937,1.9844497442245483,0.6486417055130005,0.8305050730705261,0.17910301685333252,0.09025323890140617,-0.02533823251724243,0.03836393356323242,1.949888825416565,0.7176567316055298,0.6319499233746247,0.6334373354911804,0.8252550959587097,0.8400484919548035,0.0,0.8471462279946301,0.6811134464000199
aligned_temporal_difference,4,5,512,28,28,val,2011_09_26/2011_09_26_drive_0005_sync,24,116,117,0000000116.png,0000000117.png,1,0.1035,False,True,1.8213465213775635,0.6190929412841797,0.7998241782188416,2.083416223526001,0.6360428333282471,0.8554335236549377,0.2620697021484375,0.12578845224930968,-0.016949892044067383,0.05560934543609619,1.9844497442245483,0.7463628053665161,0.6238943276146467,0.6757800579071045,0.8431122303009033,0.8510372042655945,0.0,0.8639229163336948,0.6949597224564282
aligned_temporal_difference,4,5,512,28,28,val,2011_09_26/2011_09_26_drive_0005_sync,25,117,118,0000000117.png,0000000118.png,1,0.1035,False,True,1.884996771812439,0.6052514314651489,0.8121036887168884,2.154123306274414,0.622434139251709,0.8681433796882629,0.2691265344619751,0.12493552884279087,-0.01718270778656006,0.05603969097137451,2.083416223526001,0.8704500794410706,0.5822005849758098,0.7591807246208191,0.8647959232330322,0.8647959232330322,0.0,0.932979142018229,0.6928850942733548
aligned_temporal_difference,4,5,512,28,28,val,2011_09_26/2011_09_26_drive_0005_sync,26,118,119,0000000118.png,0000000119.png,1,0.1035,False,True,1.939544916152954,0.6149773597717285,0.7984156012535095,2.1881208419799805,0.6294865608215332,0.8480368256568909,0.24857592582702637,0.11360246703838153,-0.014509201049804688,0.04962122440338135,2.154123306274414,0.8829874992370605,0.5900942640260461,0.788092315196991,0.8788264989852905,0.8819965124130249,0.0,0.9396741452424135,0.6985859058257982
aligned_temporal_difference,4,5,512,28,28,val,2011_09_26/2011_09_26_drive_0005_sync,27,119,120,0000000119.png,0000000120.png,1,0.1035,False,True,1.830165147781372,0.6156734824180603,0.8074156045913696,2.1435399055480957,0.6340911388397217,0.8738115429878235,0.31337475776672363,0.14619497260378495,-0.018417656421661377,0.06639593839645386,2.1881208419799805,0.8591039180755615,0.6073782116630368,0.7800740599632263,0.858418345451355,0.8621167540550232,0.0,0.926878588637995,0.7213489977563051
aligned_temporal_difference,4,5,512,28,28,val,2011_09_26/2011_09_26_drive_0005_sync,28,120,121,0000000120.png,0000000121.png,1,0.1035,False,True,1.858789086341858,0.6237890720367432,0.7916404604911804,2.0386803150177,0.6471263766288757,0.8290628790855408,0.17989122867584229,0.08823905707564574,-0.02333730459213257,0.03742241859436035,2.1435399055480957,0.8749982714653015,0.5917975358422042,0.7611033320426941,0.8545918464660645,0.858818531036377,0.0,0.9354134227523686,0.6824889929027058
aligned_temporal_difference,4,5,512,28,28,val,2011_09_26/2011_09_26_drive_0005_sync,29,121,122,0000000121.png,0000000122.png,1,0.1035,False,True,1.8831474781036377,0.6209354996681213,0.7965656518936157,2.1500298976898193,0.6376679539680481,0.8511412143707275,0.26688241958618164,0.12412963181253596,-0.016732454299926758,0.054575562477111816,2.0386803150177,0.9020739197731018,0.557520660238842,0.793295681476593,0.8290815949440002,0.8333082795143127,0.0,0.9497757207747005,0.708508712898043
aligned_temporal_difference,4,5,512,28,28,test,2011_09_26/2011_09_26_drive_0005_sync,0,123,124,0000000123.png,0000000124.png,1,0.1035,False,False,1.8476415872573853,0.6202372312545776,0.7993460297584534,2.1071202754974365,0.6370000839233398,0.853631854057312,0.25947868824005127,0.12314374801352765,-0.016762852668762207,0.05428582429885864,,,,,,,0.0,0.0,0.650672026921723
aligned_temporal_difference,4,5,512,28,28,test,2011_09_26/2011_09_26_drive_0005_sync,1,124,125,0000000124.png,0000000125.png,1,0.1035,False,True,1.8895020484924316,0.6122300624847412,0.805493950843811,2.1506946086883545,0.6294422149658203,0.8593656420707703,0.26119256019592285,0.12144567580202217,-0.0172121524810791,0.05387169122695923,2.1071202754974365,0.9096966981887817,0.5682749063889929,0.8202672004699707,0.8571428656578064,0.8777478933334351,0.0,0.9537802148235105,0.6835348267364645
aligned_temporal_difference,4,5,512,28,28,test,2011_09_26/2011_09_26_drive_0005_sync,2,125,126,0000000125.png,0000000126.png,1,0.1035,False,True,1.8037744760513306,0.6305481195449829,0.7885816097259521,2.024752616882324,0.6516758799552917,0.8354904055595398,0.22097814083099365,0.10913834064886979,-0.021127760410308838,0.046908795833587646,2.1506946086883545,0.9276217222213745,0.5686873819862767,0.8554012179374695,0.8533163070678711,0.8860729336738586,0.0,0.9631312071682521,0.6938872141504383
aligned_temporal_difference,4,5,512,28,28,test,2011_09_26/2011_09_26_drive_0005_sync,3,126,127,0000000126.png,0000000127.png,1,0.1035,False,True,1.7340694665908813,0.6456866264343262,0.7734743356704712,1.9091569185256958,0.6707849502563477,0.8115839958190918,0.17508745193481445,0.0917093038481205,-0.025098323822021484,0.038109660148620605,2.024752616882324,0.8639625906944275,0.5732996794320776,0.8173670172691345,0.8482142686843872,0.8793859481811523,0.0,0.9294958798695278,0.6908352967530784
aligned_temporal_difference,4,5,512,28,28,test,2011_09_26/2011_09_26_drive_0005_sync,4,127,128,0000000127.png,0000000128.png,1,0.1035,False,True,1.668738842010498,0.6844373941421509,0.7313215732574463,1.703274130821228,0.7174862623214722,0.7388502955436707,0.03453528881072998,0.020275825356473244,-0.03304886817932129,0.007528722286224365,1.9091569185256958,0.8632139563560486,0.5478559420759157,0.83119136095047,0.8163264989852905,0.8443281650543213,0.0,0.9290930827188676,0.68959508628472
aligned_temporal_difference,4,5,512,28,28,test,2011_09_26/2011_09_26_drive_0005_sync,5,128,129,0000000128.png,0000000129.png,1,0.1035,False,True,1.459883689880371,0.7300424575805664,0.6840391159057617,1.4860525131225586,0.7618557214736938,0.6901426911354065,0.0261688232421875,0.017609622143971496,-0.03181326389312744,0.006103575229644775,1.703274130821228,0.92116779088974,0.4591781943840115,0.8598533272743225,0.7232142686843872,0.7469893097877502,0.0,0.9597748646894958,0.7293449365586661
aligned_temporal_difference,4,5,512,28,28,test,2011_09_26/2011_09_26_drive_0005_sync,6,129,130,0000000129.png,0000000130.png,1,0.1035,False,True,1.3457850217819214,0.7425241470336914,0.6708061099052429,1.3409242630004883,0.7807387113571167,0.6695936322212219,-0.0048607587814331055,-0.0036249316352562227,-0.03821456432342529,-0.001212477684020996,1.4860525131225586,0.9281095862388611,0.37545303544578207,0.8623195290565491,0.5765305757522583,0.5997772812843323,0.0,0.9633844436354893,0.7208937312788759
aligned_temporal_difference,4,5,512,28,28,test,2011_09_26/2011_09_26_drive_0005_sync,7,130,131,0000000130.png,0000000131.png,1,0.1035,False,True,1.2274396419525146,0.7754992246627808,0.6316474080085754,1.1030508279800415,0.8182766437530518,0.5987870693206787,-0.12438881397247314,-0.11276798023918788,-0.042777419090270996,-0.03286033868789673,1.3409242630004883,0.9204567670822144,0.31356543208296084,0.8537379503250122,0.3482142686843872,0.3725176453590393,0.0,0.9594043814170407,0.7027234308261038
aligned_temporal_difference,4,5,512,28,28,test,2011_09_26/2011_09_26_drive_0005_sync,8,131,132,0000000131.png,0000000132.png,1,0.1035,False,True,1.242118000984192,0.7808359265327454,0.6253934502601624,1.084081768989563,0.8267145156860352,0.5842556357383728,-0.1580362319946289,-0.14577888542663095,-0.045878589153289795,-0.04113781452178955,1.1030508279800415,0.8372814059257507,0.24094032234306031,0.7885518074035645,0.24744898080825806,0.2601289749145508,0.0,0.9150308223911098,0.7095862741982458
aligned_temporal_difference,4,5,512,28,28,test,2011_09_26/2011_09_26_drive_0005_sync,9,132,133,0000000132.png,0000000133.png,1,0.1035,False,True,1.2603641748428345,0.7771481275558472,0.629625678062439,1.2025171518325806,0.810779869556427,0.6150069832801819,-0.057847023010253906,-0.04810494629710497,-0.033631742000579834,-0.01461869478225708,1.084081768989563,0.8450854420661926,0.22045968649222003,0.8147872686386108,0.2767857015132904,0.29052236676216125,0.0,0.9192852887249924,0.7325124862570128
aligned_temporal_difference,4,5,512,28,28,test,2011_09_26/2011_09_26_drive_0005_sync,10,133,134,0000000133.png,0000000134.png,1,0.1035,False,True,1.3721994161605835,0.7523776292800903,0.6587892770767212,1.4099838733673096,0.7776439189910889,0.6677978038787842,0.037784457206726074,0.026797793875819025,-0.025266289710998535,0.009008526802062988,1.2025171518325806,0.8361974954605103,0.3046273858246563,0.8122447729110718,0.29209181666374207,0.3042435050010681,0.0,0.9144383497319599,0.7371038100088642
aligned_temporal_difference,4,5,512,28,28,test,2011_09_26/2011_09_26_drive_0005_sync,11,134,135,0000000134.png,0000000135.png,1,0.1035,False,True,1.6796139478683472,0.6964023113250732,0.7194832563400269,1.8300344944000244,0.7144016027450562,0.7510097622871399,0.15042054653167725,0.08219547062744985,-0.01799929141998291,0.03152650594711304,1.4099838733673096,0.9918628334999084,0.29654313624796896,0.9092593789100647,0.22959183156490326,0.23540352284908295,0.0,0.9959231062185014,0.7449070945517634
aligned_temporal_difference,4,5,512,28,28,test,2011_09_26/2011_09_26_drive_0005_sync,12,135,136,0000000135.png,0000000136.png,1,0.1035,False,True,1.6848299503326416,0.6816945672035217,0.7364188432693481,1.9606791734695435,0.6914627552032471,0.7944198846817017,0.27584922313690186,0.1406906478476892,-0.009768187999725342,0.058001041412353516,1.8300344944000244,1.2724725008010864,0.3046729421249157,1.1623142957687378,0.3698979616165161,0.38680461049079895,0.0,1.1280392283963738,0.7700670961772739
aligned_temporal_difference,4,5,512,28,28,test,2011_09_26/2011_09_26_drive_0005_sync,13,136,137,0000000136.png,0000000137.png,1,0.1035,False,True,1.4969507455825806,0.6882777214050293,0.7326164245605469,1.832089900970459,0.6902573108673096,0.8104873895645142,0.3351391553878784,0.18292724347771092,-0.0019795894622802734,0.07787096500396729,1.9606791734695435,1.3400986194610596,0.3165130544587405,1.1587398052215576,0.43112245202064514,0.456482470035553,0.0,1.157626286614579,0.7720115309209892
aligned_temporal_difference,4,5,512,28,28,test,2011_09_26/2011_09_26_drive_0005_sync,14,137,138,0000000137.png,0000000138.png,1,0.1035,False,True,1.4180132150650024,0.7029128670692444,0.713999330997467,1.625996470451355,0.7081102132797241,0.7645702958106995,0.20798325538635254,0.1279112588286364,-0.005197346210479736,0.05057096481323242,1.832089900970459,1.2115753889083862,0.3386921742941686,1.0430611371994019,0.5969387888908386,0.6170154213905334,0.0,1.1007158529377081,0.696440392697792
aligned_temporal_difference,4,5,512,28,28,test,2011_09_26/2011_09_26_drive_0005_sync,15,138,139,0000000138.png,0000000139.png,1,0.1035,False,True,1.448968529701233,0.6943182945251465,0.7229932546615601,1.6670725345611572,0.6998177766799927,0.7755003571510315,0.21810400485992432,0.13083054296574945,-0.005499482154846191,0.052507102489471436,1.625996470451355,0.9285174012184143,0.4289548482471981,0.8783114552497864,0.6568877696990967,0.665869414806366,0.0,0.9635960778346985,0.6880643002575485
aligned_temporal_difference,4,5,512,28,28,test,2011_09_26/2011_09_26_drive_0005_sync,16,139,140,0000000139.png,0000000140.png,1,0.1035,False,True,1.5950053930282593,0.6630979180335999,0.7543432712554932,1.898880958557129,0.6594029664993286,0.8230699896812439,0.30387556552886963,0.16002876018082277,0.0036949515342712402,0.06872671842575073,1.6670725345611572,0.9237872958183289,0.445862566465047,0.8727355599403381,0.6696428656578064,0.6854928135871887,0.0,0.9611385414279925,0.6893569836030423
aligned_temporal_difference,4,5,512,28,28,test,2011_09_26/2011_09_26_drive_0005_sync,17,140,141,0000000140.png,0000000141.png,1,0.1035,False,True,1.6507929563522339,0.6572008728981018,0.7596083283424377,1.9108110666275024,0.6626725792884827,0.8172451257705688,0.26001811027526855,0.136077352081799,-0.005471706390380859,0.057636797428131104,1.898880958557129,1.0340343713760376,0.4554506607082141,0.9836927056312561,0.714285671710968,0.7364757061004639,0.0,1.0168748061467732,0.6926384414941001
aligned_temporal_difference,4,5,512,28,28,test,2011_09_26/2011_09_26_drive_0005_sync,18,141,142,0000000141.png,0000000142.png,1,0.1035,False,True,1.6644182205200195,0.6567332148551941,0.7602456212043762,1.9884934425354004,0.6536194086074829,0.830968976020813,0.32407522201538086,0.1629752530650407,0.0031138062477111816,0.07072335481643677,1.9108110666275024,1.0355936288833618,0.4580345242027831,0.9728221297264099,0.71683669090271,0.7305733561515808,0.0,1.0176412083260788,0.7170303338735567
aligned_temporal_difference,4,5,512,28,28,test,2011_09_26/2011_09_26_drive_0005_sync,19,142,143,0000000142.png,0000000143.png,1,0.1035,False,True,1.607237458229065,0.6610589623451233,0.7582443952560425,1.952436089515686,0.6560466885566711,0.8357138633728027,0.3451986312866211,0.1768040619307799,0.0050122737884521484,0.07746946811676025,1.9884934425354004,1.1471108198165894,0.42312567128510015,1.060544729232788,0.7040815949440002,0.7146483063697815,0.0,1.0710325951233182,0.7180717834329429
aligned_temporal_difference,4,5,512,28,28,test,2011_09_26/2011_09_26_drive_0005_sync,20,143,144,0000000143.png,0000000144.png,1,0.1035,False,True,1.5517381429672241,0.6563012003898621,0.7646214365959167,1.8837900161743164,0.6545494794845581,0.8424681425094604,0.3320518732070923,0.17626798653569564,0.001751720905303955,0.0778467059135437,1.952436089515686,1.1185895204544067,0.42708008397249003,1.0286457538604736,0.6989795565605164,0.7174713015556335,0.0,1.057633925540594,0.6986303144393765
aligned_temporal_difference,4,5,512,28,28,test,2011_09_26/2011_09_26_drive_0005_sync,21,144,145,0000000144.png,0000000145.png,1,0.1035,False,True,1.4655498266220093,0.6714144349098206,0.7469130754470825,1.719624400138855,0.6743935346603394,0.809070885181427,0.2540745735168457,0.1477500397739936,-0.002979099750518799,0.06215780973434448,1.8837900161743164,1.0656216144561768,0.43432038321325855,0.9810507297515869,0.7270408272743225,0.7413058876991272,0.0,1.0322895012815818,0.6896641221986679
aligned_temporal_difference,4,5,512,28,28,test,2011_09_26/2011_09_26_drive_0005_sync,22,145,146,0000000145.png,0000000146.png,1,0.1035,False,True,1.5435678958892822,0.6682572364807129,0.7476915121078491,1.8031744956970215,0.6655470728874207,0.8081248998641968,0.25960659980773926,0.1439719785451977,0.0027101635932922363,0.060433387756347656,1.719624400138855,1.0592328310012817,0.3840324486464884,0.957027792930603,0.7193877696990967,0.7288978099822998,0.0,1.0291903764616543,0.6823523885094066
aligned_temporal_difference,4,5,512,28,28,test,2011_09_26/2011_09_26_drive_0005_sync,23,146,147,0000000146.png,0000000147.png,1,0.1035,False,True,1.3956600427627563,0.6933470964431763,0.7246245741844177,1.6589701175689697,0.6939908266067505,0.7900280356407166,0.2633100748062134,0.15871899802032846,-0.0006437301635742188,0.06540346145629883,1.8031744956970215,1.1507166624069214,0.36183843263482435,1.0183581113815308,0.75,0.7605667114257812,0.0,1.0727146230041433,0.709892804891984
aligned_temporal_difference,4,5,512,28,28,test,2011_09_26/2011_09_26_drive_0005_sync,24,147,148,0000000147.png,0000000148.png,1,0.1035,False,True,1.3985925912857056,0.7081815004348755,0.7067646384239197,1.5257364511489868,0.7206963896751404,0.7381913661956787,0.12714385986328125,0.08333277989624813,-0.012514889240264893,0.03142672777175903,1.6589701175689697,1.0177664756774902,0.38650704741510944,0.9383283257484436,0.7181122303009033,0.7265655994415283,0.0,1.0088441285339824,0.6787476673753535
aligned_temporal_difference,4,5,512,28,28,test,2011_09_26/2011_09_26_drive_0005_sync,25,148,149,0000000148.png,0000000149.png,1,0.1035,False,True,1.3571321964263916,0.7141821384429932,0.7015936374664307,1.517559289932251,0.726931095123291,0.7419034242630005,0.16042709350585938,0.10571388845902778,-0.012748956680297852,0.040309786796569824,1.5257364511489868,1.001505732536316,0.3435919212770255,0.9554086327552795,0.6836734414100647,0.6974101662635803,0.0,1.0007525830775137,0.6973054163929364
aligned_temporal_difference,4,5,512,28,28,test,2011_09_26/2011_09_26_drive_0005_sync,26,149,150,0000000149.png,0000000150.png,1,0.1035,False,True,1.4300508499145508,0.7093085050582886,0.7058041095733643,1.5739487409591675,0.7204707860946655,0.7404636144638062,0.1438978910446167,0.09142476327210315,-0.011162281036376953,0.034659504890441895,1.517559289932251,0.9596561193466187,0.3676318772431877,0.905634880065918,0.6607142686843872,0.6839609742164612,0.0,0.9796203955342184,0.6859091646428944
aligned_temporal_difference,4,5,512,28,28,test,2011_09_26/2011_09_26_drive_0005_sync,27,150,151,0000000150.png,0000000151.png,1,0.1035,False,True,1.4650049209594727,0.69512939453125,0.7221667170524597,1.630954623222351,0.7128893136978149,0.7619717121124268,0.16594970226287842,0.101750042521112,-0.01775991916656494,0.03980499505996704,1.5739487409591675,1.0894006490707397,0.30785506495792436,1.0243356227874756,0.6198979616165161,0.6473712921142578,0.0,1.0437435743853658,0.7105280357241496
aligned_temporal_difference,4,5,512,28,28,test,2011_09_26/2011_09_26_drive_0005_sync,28,151,152,0000000151.png,0000000152.png,1,0.1035,False,True,1.4296525716781616,0.6960824131965637,0.7211654782295227,1.6183079481124878,0.7088736891746521,0.7672736048698425,0.18865537643432617,0.11657569664312915,-0.012791275978088379,0.046108126640319824,1.630954623222351,1.2054083347320557,0.26091853349636684,1.1363012790679932,0.5178571343421936,0.5527271032333374,0.0,1.0979108956249846,0.7122022257508975
aligned_temporal_difference,4,5,512,28,28,test,2011_09_26/2011_09_26_drive_0005_sync,29,152,153,0000000152.png,0000000153.png,1,0.1035,False,True,1.2286841869354248,0.7446855306625366,0.6675297021865845,1.2630326747894287,0.7706215381622314,0.6767959594726562,0.034348487854003906,0.027195248816290873,-0.025936007499694824,0.009266257286071777,1.6183079481124878,1.2565501928329468,0.2235407393886169,1.186545968055725,0.45790815353393555,0.49647650122642517,0.0,1.1209594965175802,0.6978954601387244
