drive,condition,replicate,window_index,disturbance_start_index,disturbance_stop_index_exclusive,persistence_score,forward_mae_m,yaw_mae_rad,mean_future_blur_sigma,clean_persistence_score,persistence_score_excess_over_clean,clean_forward_mae_m,clean_yaw_mae_rad,forward_mae_degradation_m,yaw_mae_degradation_rad
2011_09_26/2011_09_26_drive_0005_sync,persistent_blur,0,0,0,8,-0.19080600421875715,0.16560294851660728,0.022173070814460516,0.75,-0.13850022293627262,-0.05230578128248453,0.17922906205058098,0.020257344003766775,-0.013626113533973694,0.0019157268106937408
2011_09_26/2011_09_26_drive_0005_sync,persistent_blur,0,1,8,16,-0.14439951395615935,0.1768350750207901,0.02401593653485179,0.75,-0.11989801283925772,-0.024501501116901636,0.18278007954359055,0.02471963409334421,-0.0059450045228004456,-0.0007036975584924221
2011_09_26/2011_09_26_drive_0005_sync,persistent_blur,0,2,16,24,-0.18499107379466295,0.16946835070848465,0.020305617479607463,1.125,-0.170837190002203,-0.014153883792459965,0.16541700810194016,0.02547515695914626,0.004051342606544495,-0.005169539479538798
2011_09_26/2011_09_26_drive_0005_sync,persistent_blur,0,3,24,32,-0.16171870927792042,0.1550009436905384,0.005340469942893833,1.5,-0.17478450015187263,0.01306579087395221,0.1292802132666111,0.01825385307893157,0.025720730423927307,-0.012913383136037737
2011_09_26/2011_09_26_drive_0005_sync,persistent_blur,0,4,32,40,-0.14217992406338453,0.14188651740550995,0.0070265240501612425,1.5,-0.1690838821232319,0.026903958059847355,0.14052680879831314,0.004918642807751894,0.0013597086071968079,0.0021078812424093485
2011_09_26/2011_09_26_drive_0005_sync,persistent_blur,0,5,40,48,-0.16166955884546041,0.1489255465567112,0.01581595919560641,2.25,-0.0985110211186111,-0.06315853772684932,0.181673776358366,0.0033321091905236244,-0.032748229801654816,0.012483850005082786
2011_09_26/2011_09_26_drive_0005_sync,persistent_blur,0,6,48,56,-0.10670128557831049,0.12980569526553154,0.020351708633825183,2.25,-0.032826286857016385,-0.0738749987212941,0.1641913540661335,0.008697280660271645,-0.03438565880060196,0.011654427973553538
2011_09_26/2011_09_26_drive_0005_sync,persistent_blur,0,7,56,64,-0.095572782040108,0.0934947244822979,0.02591035864315927,2.625,-0.08953315985854715,-0.006039622181560844,0.09383781626820564,0.018893282511271536,-0.00034309178590774536,0.007017076131887734
2011_09_26/2011_09_26_drive_0005_sync,persistent_blur,0,8,64,72,-0.06664610747247934,0.031157903373241425,0.027722599683329463,3.0,-0.10838320106267929,0.04173709359019995,0.05127889662981033,0.02825573179870844,-0.02012099325656891,-0.0005331321153789759
2011_09_26/2011_09_26_drive_0005_sync,persistent_blur,0,9,72,80,-0.0009236683836206794,0.00768028199672699,0.023873810190707445,3.0,-0.10606945911422372,0.10514579073060304,0.03941194713115692,0.03711269982159138,-0.03173166513442993,-0.013238889630883932
2011_09_26/2011_09_26_drive_0005_sync,persistent_blur,1,0,0,8,-0.19068235345184803,0.15880658105015755,0.020770486211404204,1.5,-0.13850022293627262,-0.05218213051557541,0.17922906205058098,0.020257344003766775,-0.02042248100042343,0.0005131422076374292
2011_09_26/2011_09_26_drive_0005_sync,persistent_blur,1,1,8,16,-0.14921274781227112,0.17877616733312607,0.021377238910645247,1.5,-0.11989801283925772,-0.0293147349730134,0.18278007954359055,0.02471963409334421,-0.0040039122104644775,-0.003342395182698965
2011_09_26/2011_09_26_drive_0005_sync,persistent_blur,1,2,16,24,-0.19995009433478117,0.17896807938814163,0.015605723776388913,1.875,-0.170837190002203,-0.029112904332578182,0.16541700810194016,0.02547515695914626,0.013551071286201477,-0.009869433182757348
2011_09_26/2011_09_26_drive_0005_sync,persistent_blur,1,3,24,32,-0.1675134594552219,0.16602104529738426,0.003134426078759134,2.25,-0.17478450015187263,0.0072710406966507435,0.1292802132666111,0.01825385307893157,0.03674083203077316,-0.015119427000172436
2011_09_26/2011_09_26_drive_0005_sync,persistent_blur,1,4,32,40,-0.1518351174890995,0.1468750387430191,0.011628616135567427,2.25,-0.1690838821232319,0.017248764634132385,0.14052680879831314,0.004918642807751894,0.006348229944705963,0.006709973327815533
2011_09_26/2011_09_26_drive_0005_sync,persistent_blur,1,5,40,48,-0.15901122335344553,0.14676547423005104,0.018668102333322167,3.0,-0.0985110211186111,-0.06050020223483443,0.181673776358366,0.0033321091905236244,-0.03490830212831497,0.015335993142798543
2011_09_26/2011_09_26_drive_0005_sync,persistent_blur,1,6,48,56,-0.10973487189039588,0.12419984117150307,0.022901690797880292,3.0,-0.032826286857016385,-0.0769085850333795,0.1641913540661335,0.008697280660271645,-0.03999151289463043,0.014204410137608647
2011_09_26/2011_09_26_drive_0005_sync,persistent_blur,1,7,56,64,-0.16197941079735756,0.09072330966591835,0.02553447289392352,1.875,-0.08953315985854715,-0.07244625093881041,0.09383781626820564,0.018893282511271536,-0.0031145066022872925,0.006641190382651985
2011_09_26/2011_09_26_drive_0005_sync,persistent_blur,1,8,64,72,-0.13141670497134328,0.033815570175647736,0.026580541860312223,0.75,-0.10838320106267929,-0.023033503908663988,0.05127889662981033,0.02825573179870844,-0.017463326454162598,-0.0016751899383962154
2011_09_26/2011_09_26_drive_0005_sync,persistent_blur,1,9,72,80,-0.1093917153775692,0.01762750744819641,0.030193453887477517,0.75,-0.10606945911422372,-0.00332225626334548,0.03941194713115692,0.03711269982159138,-0.02178443968296051,-0.00691924593411386
2011_09_26/2011_09_26_drive_0005_sync,persistent_blur,2,0,0,8,-0.18965800385922194,0.15539226308465004,0.019835616694763303,2.25,-0.13850022293627262,-0.051157780922949314,0.17922906205058098,0.020257344003766775,-0.02383679896593094,-0.00042172730900347233
2011_09_26/2011_09_26_drive_0005_sync,persistent_blur,2,1,8,16,-0.1725860466249287,0.17479732632637024,0.01804518117569387,2.25,-0.11989801283925772,-0.052688033785670996,0.18278007954359055,0.02471963409334421,-0.007982753217220306,-0.006674452917650342
2011_09_26/2011_09_26_drive_0005_sync,persistent_blur,2,2,16,24,-0.16392838768661022,0.18282268941402435,0.01116503425873816,2.625,-0.170837190002203,0.006908802315592766,0.16541700810194016,0.02547515695914626,0.017405681312084198,-0.014310122700408101
2011_09_26/2011_09_26_drive_0005_sync,persistent_blur,2,3,24,32,-0.17435756605118513,0.16527749225497246,0.003941679984563962,3.0,-0.17478450015187263,0.0004269341006875038,0.1292802132666111,0.01825385307893157,0.03599727898836136,-0.014312173094367608
2011_09_26/2011_09_26_drive_0005_sync,persistent_blur,2,4,32,40,-0.17160256579518318,0.14751575887203217,0.014142383355647326,3.0,-0.1690838821232319,-0.002518683671951294,0.14052680879831314,0.004918642807751894,0.006988950073719025,0.009223740547895432
2011_09_26/2011_09_26_drive_0005_sync,persistent_blur,2,5,40,48,-0.14098243415355682,0.162761602550745,0.011028139153495431,0.75,-0.0985110211186111,-0.042471413034945726,0.181673776358366,0.0033321091905236244,-0.018912173807621002,0.0076960299629718065
2011_09_26/2011_09_26_drive_0005_sync,persistent_blur,2,6,48,56,-0.05785940479836427,0.15048810467123985,0.012277886387892067,0.75,-0.032826286857016385,-0.025033117941347882,0.1641913540661335,0.008697280660271645,-0.013703249394893646,0.003580605727620423
2011_09_26/2011_09_26_drive_0005_sync,persistent_blur,2,7,56,64,-0.12326187686994672,0.09341363981366158,0.02076451131142676,1.125,-0.08953315985854715,-0.03372871701139957,0.09383781626820564,0.018893282511271536,-0.0004241764545440674,0.0018712288001552224
2011_09_26/2011_09_26_drive_0005_sync,persistent_blur,2,8,64,72,-0.11658873874694109,0.031657636165618896,0.025278103072196245,1.5,-0.10838320106267929,-0.008205537684261799,0.05127889662981033,0.02825573179870844,-0.019621260464191437,-0.0029776287265121937
2011_09_26/2011_09_26_drive_0005_sync,persistent_blur,2,9,72,80,-0.10576771199703217,0.01858390122652054,0.02503577689640224,1.5,-0.10606945911422372,0.0003017471171915531,0.03941194713115692,0.03711269982159138,-0.020828045904636383,-0.012076922925189137
2011_09_26/2011_09_26_drive_0005_sync,persistent_blur,3,0,0,8,-0.20063966047018766,0.1511502005159855,0.018906479235738516,3.0,-0.13850022293627262,-0.06213943753391504,0.17922906205058098,0.020257344003766775,-0.02807886153459549,-0.0013508647680282593
2011_09_26/2011_09_26_drive_0005_sync,persistent_blur,3,1,8,16,-0.1782806608825922,0.17155831307172775,0.016185226966626942,3.0,-0.11989801283925772,-0.058382648043334484,0.18278007954359055,0.02471963409334421,-0.011221766471862793,-0.00853440712671727
2011_09_26/2011_09_26_drive_0005_sync,persistent_blur,3,2,16,24,-0.17584626656025648,0.17462673038244247,0.013333313982002437,1.875,-0.170837190002203,-0.0050090765580534935,0.16541700810194016,0.02547515695914626,0.00920972228050232,-0.012141842977143824
2011_09_26/2011_09_26_drive_0005_sync,persistent_blur,3,3,24,32,-0.1696221912279725,0.1377258040010929,0.011464937124401331,0.75,-0.17478450015187263,0.005162308923900127,0.1292802132666111,0.01825385307893157,0.008445590734481812,-0.006788915954530239
2011_09_26/2011_09_26_drive_0005_sync,persistent_blur,3,4,32,40,-0.19004589319229126,0.133230060338974,0.00272607640363276,0.75,-0.1690838821232319,-0.020962011069059372,0.14052680879831314,0.004918642807751894,-0.007296748459339142,-0.002192566404119134
2011_09_26/2011_09_26_drive_0005_sync,persistent_blur,3,5,40,48,-0.17469777539372444,0.15459882840514183,0.012108230614103377,1.5,-0.0985110211186111,-0.07618675427511334,0.181673776358366,0.0033321091905236244,-0.027074947953224182,0.008776121423579752
2011_09_26/2011_09_26_drive_0005_sync,persistent_blur,3,6,48,56,-0.11688609258271754,0.13938157632946968,0.015767335891723633,1.5,-0.032826286857016385,-0.08405980572570115,0.1641913540661335,0.008697280660271645,-0.02480977773666382,0.007070055231451988
2011_09_26/2011_09_26_drive_0005_sync,persistent_blur,3,7,56,64,-0.09936199616640806,0.09548884257674217,0.023181643337011337,1.875,-0.08953315985854715,-0.009828836307860911,0.09383781626820564,0.018893282511271536,0.0016510263085365295,0.004288360825739801
2011_09_26/2011_09_26_drive_0005_sync,persistent_blur,3,8,64,72,-0.06411058956291527,0.03480338305234909,0.026935488916933537,2.25,-0.10838320106267929,0.044272611499764025,0.05127889662981033,0.02825573179870844,-0.016475513577461243,-0.0013202428817749023
2011_09_26/2011_09_26_drive_0005_sync,persistent_blur,3,9,72,80,-0.045105900324415416,0.011693894863128662,0.023831917671486735,2.25,-0.10606945911422372,0.0609635587898083,0.03941194713115692,0.03711269982159138,-0.02771805226802826,-0.013280782150104642
2011_09_26/2011_09_26_drive_0005_sync,shuffled_blur,0,0,0,8,-0.35294715443160385,0.1561722196638584,0.020041478564962745,1.875,-0.13850022293627262,-0.21444693149533123,0.17922906205058098,0.020257344003766775,-0.023056842386722565,-0.00021586543880403042
2011_09_26/2011_09_26_drive_0005_sync,shuffled_blur,0,1,8,16,-0.32394338585436344,0.17671234905719757,0.019704988226294518,1.875,-0.11989801283925772,-0.20404537301510572,0.18278007954359055,0.02471963409334421,-0.006067730486392975,-0.005014645867049694
2011_09_26/2011_09_26_drive_0005_sync,shuffled_blur,0,2,16,24,-0.2822007150389254,0.1779000386595726,0.014886576682329178,1.96875,-0.170837190002203,-0.11136352503672242,0.16541700810194016,0.02547515695914626,0.012483030557632446,-0.010588580276817083
2011_09_26/2011_09_26_drive_0005_sync,shuffled_blur,0,3,24,32,-0.2313870768994093,0.15482360497117043,0.00541239237645641,1.6875,-0.17478450015187263,-0.05660257674753666,0.1292802132666111,0.01825385307893157,0.025543391704559326,-0.01284146070247516
2011_09_26/2011_09_26_drive_0005_sync,shuffled_blur,0,4,32,40,-0.3091016374528408,0.14064715057611465,0.006838240544311702,1.78125,-0.1690838821232319,-0.14001775532960892,0.14052680879831314,0.004918642807751894,0.00012034177780151367,0.0019195977365598083
2011_09_26/2011_09_26_drive_0005_sync,shuffled_blur,0,5,40,48,-0.31890413351356983,0.15295898541808128,0.015573584008961916,2.15625,-0.0985110211186111,-0.22039311239495873,0.181673776358366,0.0033321091905236244,-0.02871479094028473,0.012241474818438292
2011_09_26/2011_09_26_drive_0005_sync,shuffled_blur,0,6,48,56,-0.33104728534817696,0.1318216659128666,0.019198259571567178,1.96875,-0.032826286857016385,-0.29822099849116057,0.1641913540661335,0.008697280660271645,-0.03236968815326691,0.010500978911295533
2011_09_26/2011_09_26_drive_0005_sync,shuffled_blur,0,7,56,64,-0.4919426722917706,0.0941530354321003,0.023114150390028954,1.6875,-0.08953315985854715,-0.4024095124332234,0.09383781626820564,0.018893282511271536,0.0003152191638946533,0.004220867878757417
2011_09_26/2011_09_26_drive_0005_sync,shuffled_blur,0,8,64,72,-0.40531348064541817,0.031323350965976715,0.02622609748505056,2.25,-0.10838320106267929,-0.2969302795827389,0.05127889662981033,0.02825573179870844,-0.019955545663833618,-0.00202963431365788
2011_09_26/2011_09_26_drive_0005_sync,shuffled_blur,0,9,72,80,-0.2859754511155188,0.015336640179157257,0.025834093801677227,1.5,-0.10606945911422372,-0.1799059920012951,0.03941194713115692,0.03711269982159138,-0.024075306951999664,-0.01127860601991415
2011_09_26/2011_09_26_drive_0005_sync,shuffled_blur,1,0,0,8,-0.4098886586725712,0.1582048125565052,0.01994327432475984,1.875,-0.13850022293627262,-0.27138843573629856,0.17922906205058098,0.020257344003766775,-0.021024249494075775,-0.00031406967900693417
2011_09_26/2011_09_26_drive_0005_sync,shuffled_blur,1,1,8,16,-0.20021893084049225,0.17669563740491867,0.021250810474157333,1.5,-0.11989801283925772,-0.08032091800123453,0.18278007954359055,0.02471963409334421,-0.006084442138671875,-0.003468823619186878
2011_09_26/2011_09_26_drive_0005_sync,shuffled_blur,1,2,16,24,-0.40044786036014557,0.17592132091522217,0.015066162392031401,1.96875,-0.170837190002203,-0.22961067035794258,0.16541700810194016,0.02547515695914626,0.010504312813282013,-0.01040899456711486
2011_09_26/2011_09_26_drive_0005_sync,shuffled_blur,1,3,24,32,-0.22416123375296593,0.16243848577141762,0.004160065378528088,2.4375,-0.17478450015187263,-0.04937673360109329,0.1292802132666111,0.01825385307893157,0.03315827250480652,-0.014093787700403482
2011_09_26/2011_09_26_drive_0005_sync,shuffled_blur,1,4,32,40,-0.29416954331099987,0.1410437673330307,0.007807801128365099,1.40625,-0.1690838821232319,-0.12508566118776798,0.14052680879831314,0.004918642807751894,0.0005169585347175598,0.0028891583206132054
2011_09_26/2011_09_26_drive_0005_sync,shuffled_blur,1,5,40,48,-0.24789434392005205,0.15342776849865913,0.013554604724049568,1.78125,-0.0985110211186111,-0.14938332280144095,0.181673776358366,0.0033321091905236244,-0.02824600785970688,0.010222495533525944
2011_09_26/2011_09_26_drive_0005_sync,shuffled_blur,1,6,48,56,-0.2866876421030611,0.13839145377278328,0.017652891343459487,1.96875,-0.032826286857016385,-0.2538613552460447,0.1641913540661335,0.008697280660271645,-0.02579990029335022,0.008955610683187842
2011_09_26/2011_09_26_drive_0005_sync,shuffled_blur,1,7,56,64,-0.28364772035274655,0.09416044130921364,0.024124901508912444,2.0625,-0.08953315985854715,-0.1941145604941994,0.09383781626820564,0.018893282511271536,0.0003226250410079956,0.005231618997640908
2011_09_26/2011_09_26_drive_0005_sync,shuffled_blur,1,8,64,72,-0.4076142543926835,0.032589465379714966,0.026385290315374732,1.875,-0.10838320106267929,-0.2992310533300042,0.05127889662981033,0.02825573179870844,-0.018689431250095367,-0.0018704414833337069
2011_09_26/2011_09_26_drive_0005_sync,shuffled_blur,1,9,72,80,-0.28860568162053823,0.013376429677009583,0.025670980801805854,1.875,-0.10606945911422372,-0.18253622250631452,0.03941194713115692,0.03711269982159138,-0.02603551745414734,-0.011441719019785523
2011_09_26/2011_09_26_drive_0005_sync,shuffled_blur,2,0,0,8,-0.41846067551523447,0.15885770693421364,0.02073866524733603,1.875,-0.13850022293627262,-0.27996045257896185,0.17922906205058098,0.020257344003766775,-0.02037135511636734,0.0004813212435692549
2011_09_26/2011_09_26_drive_0005_sync,shuffled_blur,2,1,8,16,-0.3032389096915722,0.17616654932498932,0.0198969473131001,1.875,-0.11989801283925772,-0.18334089685231447,0.18278007954359055,0.02471963409334421,-0.006613530218601227,-0.004822686780244112
2011_09_26/2011_09_26_drive_0005_sync,shuffled_blur,2,2,16,24,-0.24131474271416664,0.17693636566400528,0.015408988751005381,1.96875,-0.170837190002203,-0.07047755271196365,0.16541700810194016,0.02547515695914626,0.011519357562065125,-0.01006616820814088
2011_09_26/2011_09_26_drive_0005_sync,shuffled_blur,2,3,24,32,-0.25801929272711277,0.15446733310818672,0.006405554071534425,1.6875,-0.17478450015187263,-0.08323479257524014,0.1292802132666111,0.01825385307893157,0.025187119841575623,-0.011848299007397145
2011_09_26/2011_09_26_drive_0005_sync,shuffled_blur,2,4,32,40,-0.310066407546401,0.14238620549440384,0.008861808222718537,1.78125,-0.1690838821232319,-0.14098252542316914,0.14052680879831314,0.004918642807751894,0.0018593966960906982,0.003943165414966643
2011_09_26/2011_09_26_drive_0005_sync,shuffled_blur,2,5,40,48,-0.3544273851439357,0.1519937552511692,0.013941307086497545,1.78125,-0.0985110211186111,-0.2559163640253246,0.181673776358366,0.0033321091905236244,-0.029680021107196808,0.01060919789597392
2011_09_26/2011_09_26_drive_0005_sync,shuffled_blur,2,6,48,56,-0.3216730223502964,0.14044282212853432,0.016642237198539078,1.59375,-0.032826286857016385,-0.28884673549328,0.1641913540661335,0.008697280660271645,-0.023748531937599182,0.007944956538267434
2011_09_26/2011_09_26_drive_0005_sync,shuffled_blur,2,7,56,64,-0.44501154543831944,0.09226518496870995,0.024336512433364987,2.0625,-0.08953315985854715,-0.3554783855797723,0.09383781626820564,0.018893282511271536,-0.001572631299495697,0.005443229922093451
2011_09_26/2011_09_26_drive_0005_sync,shuffled_blur,2,8,64,72,-0.4615562278777361,0.03395850956439972,0.027480258839204907,1.875,-0.10838320106267929,-0.3531730268150568,0.05127889662981033,0.02825573179870844,-0.017320387065410614,-0.0007754729595035315
2011_09_26/2011_09_26_drive_0005_sync,shuffled_blur,2,9,72,80,-0.23214997723698616,0.011654525995254517,0.025094824843108654,2.25,-0.10606945911422372,-0.12608051812276244,0.03941194713115692,0.03711269982159138,-0.027757421135902405,-0.012017874978482723
2011_09_26/2011_09_26_drive_0005_sync,shuffled_blur,3,0,0,8,-0.3420019303448498,0.1584896706044674,0.020861834520474076,1.875,-0.13850022293627262,-0.2035017074085772,0.17922906205058098,0.020257344003766775,-0.020739391446113586,0.0006044905167073011
2011_09_26/2011_09_26_drive_0005_sync,shuffled_blur,3,1,8,16,-0.26912088692188263,0.17460283637046814,0.01848029054235667,2.25,-0.11989801283925772,-0.1492228740826249,0.18278007954359055,0.02471963409334421,-0.008177243173122406,-0.006239343550987542
2011_09_26/2011_09_26_drive_0005_sync,shuffled_blur,3,2,16,24,-0.3676385907456279,0.1766185760498047,0.014942958252504468,1.59375,-0.170837190002203,-0.1968014007434249,0.16541700810194016,0.02547515695914626,0.011201567947864532,-0.010532198706641793
2011_09_26/2011_09_26_drive_0005_sync,shuffled_blur,3,3,24,32,-0.17909838585183024,0.1535075418651104,0.005398012814112008,1.6875,-0.17478450015187263,-0.004313885699957609,0.1292802132666111,0.01825385307893157,0.024227328598499298,-0.012855840264819562
2011_09_26/2011_09_26_drive_0005_sync,shuffled_blur,3,4,32,40,-0.23447157116606832,0.14690250158309937,0.011218914529308677,2.53125,-0.1690838821232319,-0.06538768904283643,0.14052680879831314,0.004918642807751894,0.006375692784786224,0.006300271721556783
2011_09_26/2011_09_26_drive_0005_sync,shuffled_blur,3,5,40,48,-0.38466576486825943,0.15530790016055107,0.014556158450432122,1.78125,-0.0985110211186111,-0.28615474374964833,0.181673776358366,0.0033321091905236244,-0.02636587619781494,0.011224049259908497
2011_09_26/2011_09_26_drive_0005_sync,shuffled_blur,3,6,48,56,-0.35247807018458843,0.13446835055947304,0.01797640696167946,1.96875,-0.032826286857016385,-0.31965178332757205,0.1641913540661335,0.008697280660271645,-0.02972300350666046,0.009279126301407814
2011_09_26/2011_09_26_drive_0005_sync,shuffled_blur,3,7,56,64,-0.3978947848081589,0.09358074143528938,0.02395348367281258,1.6875,-0.08953315985854715,-0.3083616249496117,0.09383781626820564,0.018893282511271536,-0.00025707483291625977,0.005060201161541045
2011_09_26/2011_09_26_drive_0005_sync,shuffled_blur,3,8,64,72,-0.5280818343162537,0.03409988433122635,0.02639264496974647,1.5,-0.10838320106267929,-0.41969863325357437,0.05127889662981033,0.02825573179870844,-0.017179012298583984,-0.0018630868289619684
2011_09_26/2011_09_26_drive_0005_sync,shuffled_blur,3,9,72,80,-0.284046052955091,0.01484382152557373,0.026385625824332237,1.875,-0.10606945911422372,-0.17797659384086728,0.03941194713115692,0.03711269982159138,-0.02456812560558319,-0.01072707399725914
2011_09_26/2011_09_26_drive_0011_sync,persistent_blur,0,0,0,8,-0.19715200178325176,0.5788799747824669,0.005757462291512638,0.75,-0.17645599506795406,-0.0206960067152977,0.583598904311657,0.010932362638413906,-0.0047189295291900635,-0.005174900346901268
2011_09_26/2011_09_26_drive_0011_sync,persistent_blur,0,1,8,16,-0.20777995698153973,0.5574296861886978,0.004991539812181145,0.75,-0.21284704003483057,0.005067083053290844,0.563225269317627,0.010162511258386075,-0.005795583128929138,-0.0051709714462049305
2011_09_26/2011_09_26_drive_0011_sync,persistent_blur,0,2,16,24,-0.167149281129241,0.5190137475728989,0.002691121626412496,1.125,-0.1450523491948843,-0.02209693193435669,0.5247536897659302,0.008225501398555934,-0.005739942193031311,-0.0055343797721434385
2011_09_26/2011_09_26_drive_0011_sync,persistent_blur,0,3,24,32,-0.13125375378876925,0.40274064242839813,0.0007411424594465643,1.5,-0.11513437330722809,-0.016119380481541157,0.4120994582772255,0.01090652181301266,-0.009358815848827362,-0.010165379353566095
2011_09_26/2011_09_26_drive_0011_sync,persistent_blur,0,4,32,40,-0.1284042107872665,0.2983591631054878,0.0018620358823682182,1.5,-0.12714447267353535,-0.0012597381137311459,0.3057892695069313,0.009393718733917922,-0.0074301064014434814,-0.007531682851549704
2011_09_26/2011_09_26_drive_0011_sync,persistent_blur,0,5,40,48,-0.06067195162177086,0.1855703815817833,0.0032510994060430676,2.25,-0.12376490281894803,0.06309295119717717,0.17990320920944214,0.003640879731392488,0.005667172372341156,-0.0003897803253494203
2011_09_26/2011_09_26_drive_0011_sync,persistent_blur,0,6,48,56,-0.08020536974072456,0.04629121720790863,0.002423255005851388,2.25,-0.12120965030044317,0.04100428055971861,0.03697559982538223,0.004546119598671794,0.009315617382526398,-0.002122864592820406
2011_09_26/2011_09_26_drive_0011_sync,persistent_blur,0,7,56,64,-0.07090430887183174,0.11487208306789398,0.0018620746704982594,2.625,-0.06323780352249742,-0.007666505349334329,0.11497262865304947,0.002935448384960182,-0.00010054558515548706,-0.0010733737144619226
2011_09_26/2011_09_26_drive_0011_sync,persistent_blur,0,8,64,72,-0.04930579289793968,0.2325778603553772,0.00162581613403745,3.0,-0.025090146926231682,-0.024215645971708,0.22420715540647507,0.007791297801304609,0.00837070494890213,-0.006165481667267159
2011_09_26/2011_09_26_drive_0011_sync,persistent_blur,0,9,72,80,-0.2121865851804614,0.3352104090154171,0.002534254264901392,3.0,-0.12967811455018818,-0.08250847063027322,0.3145146183669567,0.0075528055895119905,0.020695790648460388,-0.005018551324610598
2011_09_26/2011_09_26_drive_0011_sync,persistent_blur,1,0,0,8,-0.15574549324810505,0.5727252662181854,0.001799784367904067,1.5,-0.17645599506795406,0.020710501819849014,0.583598904311657,0.010932362638413906,-0.010873638093471527,-0.009132578270509839
2011_09_26/2011_09_26_drive_0011_sync,persistent_blur,1,1,8,16,-0.19679566100239754,0.5554975643754005,0.001540851138997823,1.5,-0.21284704003483057,0.016051379032433033,0.563225269317627,0.010162511258386075,-0.00772770494222641,-0.008621660119388252
2011_09_26/2011_09_26_drive_0011_sync,persistent_blur,1,2,16,24,-0.1537947948090732,0.5162894949316978,0.0036269903648644686,1.875,-0.1450523491948843,-0.00874244561418891,0.5247536897659302,0.008225501398555934,-0.00846419483423233,-0.004598511033691466
2011_09_26/2011_09_26_drive_0011_sync,persistent_blur,1,3,24,32,-0.10395477898418903,0.4100542739033699,0.002863244357286021,2.25,-0.11513437330722809,0.011179594323039055,0.4120994582772255,0.01090652181301266,-0.002045184373855591,-0.008043277455726638
2011_09_26/2011_09_26_drive_0011_sync,persistent_blur,1,4,32,40,-0.12291971931699663,0.29601242393255234,0.004376158118247986,2.25,-0.12714447267353535,0.004224753356538713,0.3057892695069313,0.009393718733917922,-0.009776845574378967,-0.005017560615669936
2011_09_26/2011_09_26_drive_0011_sync,persistent_blur,1,5,40,48,-0.04052737297024578,0.18365679681301117,0.004074995522387326,3.0,-0.12376490281894803,0.08323752984870225,0.17990320920944214,0.003640879731392488,0.0037535876035690308,0.0004341157909948379
2011_09_26/2011_09_26_drive_0011_sync,persistent_blur,1,6,48,56,-0.047051943838596344,0.04634230583906174,0.0027300204237690195,3.0,-0.12120965030044317,0.07415770646184683,0.03697559982538223,0.004546119598671794,0.009366706013679504,-0.0018160991749027744
2011_09_26/2011_09_26_drive_0011_sync,persistent_blur,1,7,56,64,-0.06815180159173906,0.1109481006860733,0.0019268663600087166,1.875,-0.06323780352249742,-0.004913998069241643,0.11497262865304947,0.002935448384960182,-0.004024527966976166,-0.0010085820249514654
2011_09_26/2011_09_26_drive_0011_sync,persistent_blur,1,8,64,72,-0.04852136131376028,0.22282817214727402,0.005849744600709528,0.75,-0.025090146926231682,-0.0234312143875286,0.22420715540647507,0.007791297801304609,-0.0013789832592010498,-0.0019415532005950809
2011_09_26/2011_09_26_drive_0011_sync,persistent_blur,1,9,72,80,-0.16680262400768697,0.3203704170882702,0.006747380364686251,0.75,-0.12967811455018818,-0.03712450945749879,0.3145146183669567,0.0075528055895119905,0.0058557987213134766,-0.0008054252248257399
2011_09_26/2011_09_26_drive_0011_sync,persistent_blur,2,0,0,8,-0.15240616258233786,0.5704712644219398,0.003333335684146732,2.25,-0.17645599506795406,0.024049832485616207,0.583598904311657,0.010932362638413906,-0.013127639889717102,-0.007599026954267174
2011_09_26/2011_09_26_drive_0011_sync,persistent_blur,2,1,8,16,-0.1840808077249676,0.557327076792717,0.004644416680093855,2.25,-0.21284704003483057,0.02876623230986297,0.563225269317627,0.010162511258386075,-0.005898192524909973,-0.005518094578292221
2011_09_26/2011_09_26_drive_0011_sync,persistent_blur,2,2,16,24,-0.13264908734709024,0.5200915858149529,0.005312303226673976,2.625,-0.1450523491948843,0.012403261847794056,0.5247536897659302,0.008225501398555934,-0.0046621039509773254,-0.002913198171881959
2011_09_26/2011_09_26_drive_0011_sync,persistent_blur,2,3,24,32,-0.09075366309843957,0.41667889803647995,0.003942207840736955,3.0,-0.11513437330722809,0.024380710208788514,0.4120994582772255,0.01090652181301266,0.004579439759254456,-0.006964313972275704
2011_09_26/2011_09_26_drive_0011_sync,persistent_blur,2,4,32,40,-0.11422149662394077,0.30016055703163147,0.005164724308997393,3.0,-0.12714447267353535,0.012922976049594581,0.3057892695069313,0.009393718733917922,-0.005628712475299835,-0.004228994424920529
2011_09_26/2011_09_26_drive_0011_sync,persistent_blur,2,5,40,48,-0.12994698015972972,0.19136447459459305,0.0012772818299708888,0.75,-0.12376490281894803,-0.006182077340781689,0.17990320920944214,0.003640879731392488,0.01146126538515091,-0.002363597901421599
2011_09_26/2011_09_26_drive_0011_sync,persistent_blur,2,6,48,56,-0.11838212702423334,0.042676836252212524,0.002508124482119456,0.75,-0.12120965030044317,0.0028275232762098312,0.03697559982538223,0.004546119598671794,0.005701236426830292,-0.002037995116552338
2011_09_26/2011_09_26_drive_0011_sync,persistent_blur,2,7,56,64,-0.08150418428704143,0.10970190167427063,0.001401532397721894,1.125,-0.06323780352249742,-0.01826638076454401,0.11497262865304947,0.002935448384960182,-0.005270726978778839,-0.001533915987238288
2011_09_26/2011_09_26_drive_0011_sync,persistent_blur,2,8,64,72,-0.040080564096570015,0.22958390414714813,0.003045497287530452,1.5,-0.025090146926231682,-0.014990417170338333,0.22420715540647507,0.007791297801304609,0.005376748740673065,-0.004745800513774157
2011_09_26/2011_09_26_drive_0011_sync,persistent_blur,2,9,72,80,-0.18641029484570026,0.33348454162478447,0.004448874737136066,1.5,-0.12967811455018818,-0.05673218029551208,0.3145146183669567,0.0075528055895119905,0.01896992325782776,-0.0031039308523759246
2011_09_26/2011_09_26_drive_0011_sync,persistent_blur,3,0,0,8,-0.16219876427203417,0.5731087252497673,0.003351282881340012,3.0,-0.17645599506795406,0.014257230795919895,0.583598904311657,0.010932362638413906,-0.010490179061889648,-0.007581079757073894
2011_09_26/2011_09_26_drive_0011_sync,persistent_blur,3,1,8,16,-0.17873125430196524,0.558536559343338,0.005490366369485855,3.0,-0.21284704003483057,0.034115785732865334,0.563225269317627,0.010162511258386075,-0.00468870997428894,-0.00467214488890022
2011_09_26/2011_09_26_drive_0011_sync,persistent_blur,3,2,16,24,-0.10406325105577707,0.5206446349620819,0.003934138367185369,1.875,-0.1450523491948843,0.04098909813910723,0.5247536897659302,0.008225501398555934,-0.004109054803848267,-0.004291363031370565
2011_09_26/2011_09_26_drive_0011_sync,persistent_blur,3,3,24,32,-0.129588158801198,0.40487750619649887,0.0040841056616045535,0.75,-0.11513437330722809,-0.014453785493969917,0.4120994582772255,0.01090652181301266,-0.0072219520807266235,-0.006822416151408106
2011_09_26/2011_09_26_drive_0011_sync,persistent_blur,3,4,32,40,-0.15125898737460375,0.3030039891600609,0.0033548170467838645,0.75,-0.12714447267353535,-0.0241145147010684,0.3057892695069313,0.009393718733917922,-0.0027852803468704224,-0.006038901687134057
2011_09_26/2011_09_26_drive_0011_sync,persistent_blur,3,5,40,48,-0.11068557819817215,0.19080223888158798,0.0015299472579499707,1.5,-0.12376490281894803,0.013079324620775878,0.17990320920944214,0.003640879731392488,0.010899029672145844,-0.0021109324734425172
2011_09_26/2011_09_26_drive_0011_sync,persistent_blur,3,6,48,56,-0.08899561114958487,0.04738335311412811,0.0008560932110412978,1.5,-0.12120965030044317,0.0322140391508583,0.03697559982538223,0.004546119598671794,0.01040775328874588,-0.003690026387630496
2011_09_26/2011_09_26_drive_0011_sync,persistent_blur,3,7,56,64,-0.0791975250467658,0.11228179931640625,0.0006731266257702373,1.875,-0.06323780352249742,-0.01595972152426839,0.11497262865304947,0.002935448384960182,-0.002690829336643219,-0.0022623217591899447
2011_09_26/2011_09_26_drive_0011_sync,persistent_blur,3,8,64,72,-0.0335491067962721,0.23200049251317978,0.0016656809275445994,2.25,-0.025090146926231682,-0.008458959870040417,0.22420715540647507,0.007791297801304609,0.007793337106704712,-0.006125616873760009
2011_09_26/2011_09_26_drive_0011_sync,persistent_blur,3,9,72,80,-0.22970999218523502,0.33673980459570885,0.0030462922295555472,2.25,-0.12967811455018818,-0.10003187763504684,0.3145146183669567,0.0075528055895119905,0.022225186228752136,-0.004506513359956443
2011_09_26/2011_09_26_drive_0011_sync,shuffled_blur,0,0,0,8,-0.33991562423761934,0.5734451860189438,0.002991041910718195,1.875,-0.17645599506795406,-0.16345962916966528,0.583598904311657,0.010932362638413906,-0.010153718292713165,-0.007941320727695711
2011_09_26/2011_09_26_drive_0011_sync,shuffled_blur,0,1,8,16,-0.32969827950000763,0.5556892454624176,0.0033325367548968643,1.875,-0.21284704003483057,-0.11685123946517706,0.563225269317627,0.010162511258386075,-0.007536023855209351,-0.006829974503489211
2011_09_26/2011_09_26_drive_0011_sync,shuffled_blur,0,2,16,24,-0.26824516244232655,0.5187137499451637,0.003650729835499078,1.96875,-0.1450523491948843,-0.12319281324744225,0.5247536897659302,0.008225501398555934,-0.006039939820766449,-0.004574771563056856
2011_09_26/2011_09_26_drive_0011_sync,shuffled_blur,0,3,24,32,-0.20160410180687904,0.4050479754805565,0.002317042089998722,1.6875,-0.11513437330722809,-0.08646972849965096,0.4120994582772255,0.01090652181301266,-0.007051482796669006,-0.008589479723013937
2011_09_26/2011_09_26_drive_0011_sync,shuffled_blur,0,4,32,40,-0.27916522952727973,0.29826709628105164,0.003204486711183563,1.78125,-0.12714447267353535,-0.1520207568537444,0.3057892695069313,0.009393718733917922,-0.007522173225879669,-0.006189232022734359
2011_09_26/2011_09_26_drive_0011_sync,shuffled_blur,0,5,40,48,-0.30394810112193227,0.18553266674280167,0.003204921042197384,2.15625,-0.12376490281894803,-0.18018319830298424,0.17990320920944214,0.003640879731392488,0.005629457533359528,-0.00043595868919510394
2011_09_26/2011_09_26_drive_0011_sync,shuffled_blur,0,6,48,56,-0.30547749157994986,0.04464104026556015,0.0015510803059441969,1.96875,-0.12120965030044317,-0.18426784127950668,0.03697559982538223,0.004546119598671794,0.0076654404401779175,-0.002995039292727597
2011_09_26/2011_09_26_drive_0011_sync,shuffled_blur,0,7,56,64,-0.5454563926905394,0.1132795661687851,0.0011913408161490224,1.6875,-0.06323780352249742,-0.48221858916804194,0.11497262865304947,0.002935448384960182,-0.0016930624842643738,-0.0017441075688111596
2011_09_26/2011_09_26_drive_0011_sync,shuffled_blur,0,8,64,72,-0.4547764239832759,0.23114963620901108,0.002001470456889365,2.25,-0.025090146926231682,-0.4296862770570442,0.22420715540647507,0.007791297801304609,0.006942480802536011,-0.005789827344415244
2011_09_26/2011_09_26_drive_0011_sync,shuffled_blur,0,9,72,80,-0.30830032064113766,0.33158304169774055,0.003986335213994607,1.5,-0.12967811455018818,-0.17862220609094948,0.3145146183669567,0.0075528055895119905,0.017068423330783844,-0.0035664703755173832
2011_09_26/2011_09_26_drive_0011_sync,shuffled_blur,1,0,0,8,-0.45916714146733284,0.5735571160912514,0.0029916974308434874,1.875,-0.17645599506795406,-0.2827111463993788,0.583598904311657,0.010932362638413906,-0.010041788220405579,-0.007940665207570419
2011_09_26/2011_09_26_drive_0011_sync,shuffled_blur,1,1,8,16,-0.18552230391651392,0.5576141253113747,0.0034225134004373103,1.5,-0.21284704003483057,0.02732473611831665,0.563225269317627,0.010162511258386075,-0.005611144006252289,-0.006739997857948765
2011_09_26/2011_09_26_drive_0011_sync,shuffled_blur,1,2,16,24,-0.39301882218569517,0.5183682441711426,0.003305251302663237,1.96875,-0.1450523491948843,-0.24796647299081087,0.5247536897659302,0.008225501398555934,-0.006385445594787598,-0.004920250095892698
2011_09_26/2011_09_26_drive_0011_sync,shuffled_blur,1,3,24,32,-0.17517092637717724,0.411033533513546,0.0023777966416673735,2.4375,-0.11513437330722809,-0.06003655306994915,0.4120994582772255,0.01090652181301266,-0.0010659247636795044,-0.008528725171345286
2011_09_26/2011_09_26_drive_0011_sync,shuffled_blur,1,4,32,40,-0.2536707802210003,0.3030594438314438,0.0022777559206588194,1.40625,-0.12714447267353535,-0.12652630754746497,0.3057892695069313,0.009393718733917922,-0.0027298256754875183,-0.007115962813259102
2011_09_26/2011_09_26_drive_0011_sync,shuffled_blur,1,5,40,48,-0.22351253032684326,0.18764284998178482,0.001918051071697846,1.78125,-0.12376490281894803,-0.09974762750789523,0.17990320920944214,0.003640879731392488,0.007739640772342682,-0.0017228286596946418
2011_09_26/2011_09_26_drive_0011_sync,shuffled_blur,1,6,48,56,-0.2603849659790285,0.04527099430561066,0.0012861058785347268,1.96875,-0.12120965030044317,-0.13917531567858532,0.03697559982538223,0.004546119598671794,0.008295394480228424,-0.003260013720137067
2011_09_26/2011_09_26_drive_0011_sync,shuffled_blur,1,7,56,64,-0.2790319330524653,0.11145094782114029,0.0010405479915789329,2.0625,-0.06323780352249742,-0.2157941295299679,0.11497262865304947,0.002935448384960182,-0.0035216808319091797,-0.0018949003933812492
2011_09_26/2011_09_26_drive_0011_sync,shuffled_blur,1,8,64,72,-0.3587180911563337,0.23074693977832794,0.0024627957536722533,1.875,-0.025090146926231682,-0.333627944230102,0.22420715540647507,0.007791297801304609,0.006539784371852875,-0.005328502047632355
2011_09_26/2011_09_26_drive_0011_sync,shuffled_blur,1,9,72,80,-0.2880903189070523,0.332686860114336,0.004269339173333719,1.875,-0.12967811455018818,-0.1584122043568641,0.3145146183669567,0.0075528055895119905,0.018172241747379303,-0.003283466416178271
2011_09_26/2011_09_26_drive_0011_sync,shuffled_blur,2,0,0,8,-0.4234649724967312,0.5738280117511749,0.0032088312291307375,1.875,-0.17645599506795406,-0.24700897742877714,0.583598904311657,0.010932362638413906,-0.009770892560482025,-0.007723531409283169
2011_09_26/2011_09_26_drive_0011_sync,shuffled_blur,2,1,8,16,-0.2944738182704896,0.5578744634985924,0.0026947287551593035,1.875,-0.21284704003483057,-0.081626778235659,0.563225269317627,0.010162511258386075,-0.005350805819034576,-0.007467782503226772
2011_09_26/2011_09_26_drive_0011_sync,shuffled_blur,2,2,16,24,-0.19652035157196224,0.5193464532494545,0.003130083088763058,1.96875,-0.1450523491948843,-0.05146800237707794,0.5247536897659302,0.008225501398555934,-0.0054072365164756775,-0.005095418309792876
2011_09_26/2011_09_26_drive_0011_sync,shuffled_blur,2,3,24,32,-0.22698039934039116,0.40976617485284805,0.0027922480512643233,1.6875,-0.11513437330722809,-0.11184602603316307,0.4120994582772255,0.01090652181301266,-0.0023332834243774414,-0.008114273761748336
2011_09_26/2011_09_26_drive_0011_sync,shuffled_blur,2,4,32,40,-0.2874702550470829,0.29832441359758377,0.0032454960455652326,1.78125,-0.12714447267353535,-0.16032578237354755,0.3057892695069313,0.009393718733917922,-0.007464855909347534,-0.006148222688352689
2011_09_26/2011_09_26_drive_0011_sync,shuffled_blur,2,5,40,48,-0.355621833819896,0.18899385631084442,0.0021540720626944676,1.78125,-0.12376490281894803,-0.23185693100094795,0.17990320920944214,0.003640879731392488,0.009090647101402283,-0.0014868076686980203
2011_09_26/2011_09_26_drive_0011_sync,shuffled_blur,2,6,48,56,-0.2972763702273369,0.04510442167520523,0.0015431864085257985,1.59375,-0.12120965030044317,-0.1760667199268937,0.03697559982538223,0.004546119598671794,0.008128821849822998,-0.0030029331901459955
2011_09_26/2011_09_26_drive_0011_sync,shuffled_blur,2,7,56,64,-0.4631142813595943,0.11139966547489166,0.0008876591164153069,2.0625,-0.06323780352249742,-0.3998764778370969,0.11497262865304947,0.002935448384960182,-0.0035729631781578064,-0.002047789268544875
2011_09_26/2011_09_26_drive_0011_sync,shuffled_blur,2,8,64,72,-0.5256504202261567,0.22915969789028168,0.002904955137637444,1.875,-0.025090146926231682,-0.500560273299925,0.22420715540647507,0.007791297801304609,0.00495254248380661,-0.004886342663667165
2011_09_26/2011_09_26_drive_0011_sync,shuffled_blur,2,9,72,80,-0.25375253858510405,0.3343488834798336,0.003643765870947391,2.25,-0.12967811455018818,-0.12407442403491586,0.3145146183669567,0.0075528055895119905,0.019834265112876892,-0.0039090397185646
2011_09_26/2011_09_26_drive_0011_sync,shuffled_blur,3,0,0,8,-0.32765533216297626,0.5734990388154984,0.0036729722196469083,1.875,-0.17645599506795406,-0.1511993370950222,0.583598904311657,0.010932362638413906,-0.0100998654961586,-0.007259390418766998
2011_09_26/2011_09_26_drive_0011_sync,shuffled_blur,3,1,8,16,-0.2783267702907324,0.5556084215641022,0.0037567433319054544,2.25,-0.21284704003483057,-0.06547973025590181,0.563225269317627,0.010162511258386075,-0.00761684775352478,-0.006405767926480621
2011_09_26/2011_09_26_drive_0011_sync,shuffled_blur,3,2,16,24,-0.33626649575307965,0.5183818116784096,0.003680095251183957,1.59375,-0.1450523491948843,-0.19121414655819535,0.5247536897659302,0.008225501398555934,-0.006371878087520599,-0.004545406147371978
2011_09_26/2011_09_26_drive_0011_sync,shuffled_blur,3,3,24,32,-0.1417613672092557,0.40726039558649063,0.002292365752509795,1.6875,-0.11513437330722809,-0.026626993902027607,0.4120994582772255,0.01090652181301266,-0.004839062690734863,-0.008614156060502864
2011_09_26/2011_09_26_drive_0011_sync,shuffled_blur,3,4,32,40,-0.18934215046465397,0.2952723205089569,0.003539506593369879,2.53125,-0.12714447267353535,-0.06219767779111862,0.3057892695069313,0.009393718733917922,-0.010516948997974396,-0.005854212140548043
2011_09_26/2011_09_26_drive_0011_sync,shuffled_blur,3,5,40,48,-0.42685401160269976,0.18738645315170288,0.003066764009417966,1.78125,-0.12376490281894803,-0.3030891087837517,0.17990320920944214,0.003640879731392488,0.007483243942260742,-0.0005741157219745219
2011_09_26/2011_09_26_drive_0011_sync,shuffled_blur,3,6,48,56,-0.3216391569003463,0.046308062970638275,0.0016175820856005885,1.96875,-0.12120965030044317,-0.2004295065999031,0.03697559982538223,0.004546119598671794,0.009332463145256042,-0.0029285375130712055
2011_09_26/2011_09_26_drive_0011_sync,shuffled_blur,3,7,56,64,-0.45864758640527725,0.11393231898546219,0.0009112572442973033,1.6875,-0.06323780352249742,-0.39540978288277984,0.11497262865304947,0.002935448384960182,-0.0010403096675872803,-0.0020241911406628788
2011_09_26/2011_09_26_drive_0011_sync,shuffled_blur,3,8,64,72,-0.6072917394340038,0.22810476273298264,0.0035779269237536937,1.5,-0.025090146926231682,-0.5822015925077721,0.22420715540647507,0.007791297801304609,0.0038976073265075684,-0.004213370877550915
2011_09_26/2011_09_26_drive_0011_sync,shuffled_blur,3,9,72,80,-0.2686347649432719,0.330868374556303,0.004654688382288441,1.875,-0.12967811455018818,-0.1389566503930837,0.3145146183669567,0.0075528055895119905,0.016353756189346313,-0.0028981172072235495
