sequence_id,frame_id,frame_index,error_z1,dynamic_error_z1,correction_z1,state_z1,error_z4,dynamic_error_z4,correction_z4,state_z4
0002,000002,2,0.013616262003779411,0.0028185665141791105,0.006098042242228985,0.3403499126434326,0.006805995479226112,0.0014088411116972566,0.005548510234802961,0.20396748185157776
0002,000003,3,0.01359650306403637,0.0035787306260317564,0.0061982544139027596,0.34045544266700745,0.007054665591567755,0.0021916101686656475,0.0056882319040596485,0.20437249541282654
0002,000004,4,0.013458776287734509,0.0038659751880913973,0.0062391734682023525,0.34050828218460083,0.007703403942286968,0.0028287400491535664,0.006205397192388773,0.2047664225101471
0002,000005,5,0.01354980282485485,0.004029606934636831,0.006434405688196421,0.3405389189720154,0.007389189209789038,0.003279220312833786,0.005928685888648033,0.20521745085716248
0002,000006,6,0.013348350301384926,0.00407127570360899,0.006468615029007196,0.3405679762363434,0.007357648573815823,0.003560743061825633,0.00598030025139451,0.20558644831180573
0002,000007,7,0.01315983198583126,0.004109142813831568,0.006474103778600693,0.3405909240245819,0.007335346657782793,0.0037478888407349586,0.006018863059580326,0.20606544613838196
0002,000008,8,0.012954751029610634,0.004120601341128349,0.0064993007108569145,0.34057286381721497,0.007538457866758108,0.003926863428205252,0.006234601140022278,0.20654593408107758
0002,000009,9,0.01297712791711092,0.004114992450922728,0.006585273891687393,0.3405390679836273,0.007735374383628368,0.004004776477813721,0.006415366195142269,0.206927090883255
0002,000010,10,0.013060380704700947,0.004103704821318388,0.006721369922161102,0.34051093459129333,0.008224552497267723,0.004015290178358555,0.006897917948663235,0.20706099271774292
0002,000011,11,0.013311030343174934,0.004137036856263876,0.006900995969772339,0.34046757221221924,0.010331723839044571,0.004093272145837545,0.00880406890064478,0.20677059888839722
0002,000012,12,0.013310419395565987,0.00424216641113162,0.006885020527988672,0.34047871828079224,0.008607388474047184,0.0042858002707362175,0.007393644191324711,0.20718489587306976
0002,000013,13,0.013510281220078468,0.004327773116528988,0.006984791252762079,0.34048283100128174,0.008180693723261356,0.0044885012321174145,0.006998813711106777,0.2074480950832367
0002,000014,14,0.013583035208284855,0.004374419339001179,0.006968261208385229,0.34050771594047546,0.008172386325895786,0.004588694777339697,0.006966196931898594,0.20766820013523102
0002,000015,15,0.01360873319208622,0.004415507894009352,0.006965540815144777,0.34054720401763916,0.00811280682682991,0.004657695069909096,0.0069042411632835865,0.20797184109687805
0002,000016,16,0.01349056139588356,0.004446113016456366,0.006966699846088886,0.34055981040000916,0.009620857425034046,0.005042698234319687,0.00823491346091032,0.20763728022575378
0002,000017,17,0.013376559130847454,0.004462804179638624,0.0069803218357264996,0.3405500650405884,0.009619324468076229,0.005373647436499596,0.008257015608251095,0.20732413232326508
0002,000018,18,0.01333303190767765,0.004510029219090939,0.0070430198684334755,0.3405858278274536,0.009988540783524513,0.005774260498583317,0.008580558001995087,0.20693522691726685
0002,000019,19,0.013320466503500938,0.004560188855975866,0.007024683989584446,0.3405793011188507,0.008825489319860935,0.005950814578682184,0.007603277452290058,0.20684629678726196
0002,000020,20,0.01327593345195055,0.004567255266010761,0.0070585086941719055,0.34057319164276123,0.00939156673848629,0.0062512899748981,0.008088445290923119,0.20660580694675446
0002,000021,21,0.013125625438988209,0.0045574200339615345,0.007023292127996683,0.3405764102935791,0.00914832204580307,0.00642807362601161,0.00785888358950615,0.2063683569431305
0002,000022,22,0.013171827420592308,0.004552560392767191,0.007083226926624775,0.3405671715736389,0.009603526443243027,0.0066086105071008205,0.008252215571701527,0.206033393740654
0002,000023,23,0.01319989562034607,0.004576132632791996,0.007102001924067736,0.34057363867759705,0.009380759671330452,0.006663375534117222,0.008022989146411419,0.2057114839553833
0002,000024,24,0.013194152154028416,0.0045842938125133514,0.007101192604750395,0.34053993225097656,0.00906728208065033,0.00670218002051115,0.007725998293608427,0.20545879006385803
0002,000025,25,0.01303563080728054,0.004553580656647682,0.007101698778569698,0.34054824709892273,0.008475259877741337,0.006529191508889198,0.0072214193642139435,0.20533327758312225
0002,000026,26,0.013155980966985226,0.004527688957750797,0.007271066308021545,0.3405452072620392,0.010174507275223732,0.006848017685115337,0.008658578619360924,0.20475506782531738
0002,000027,27,0.012825592420995235,0.004597592167556286,0.007128875702619553,0.34053388237953186,0.008580933324992657,0.006674713920801878,0.007338015828281641,0.20462091267108917
0002,000028,28,0.012945950031280518,0.004613436758518219,0.007194322068244219,0.3405175805091858,0.00861427839845419,0.0066665299236774445,0.007422868628054857,0.20444133877754211
0002,000029,29,0.012908951379358768,0.004610138013958931,0.007176240906119347,0.3405049741268158,0.00805831328034401,0.006447455380111933,0.0069342562928795815,0.20448589324951172
0002,000030,30,0.012868555262684822,0.004640068858861923,0.0071421596221625805,0.3404885530471802,0.008645713329315186,0.006548072211444378,0.007426008582115173,0.2042749673128128
0002,000031,31,0.012848024256527424,0.00466768117621541,0.0071036736480891705,0.34048494696617126,0.009932207874953747,0.006916922051459551,0.008495079353451729,0.20370036363601685
0002,000032,32,0.01296444796025753,0.004689205437898636,0.0071239653043448925,0.3404768407344818,0.008516798727214336,0.006888614967465401,0.0072554959915578365,0.20345401763916016
0002,000033,33,0.01305618230253458,0.004705510102212429,0.00713709369301796,0.3404664993286133,0.007995478808879852,0.006628825329244137,0.0067560733295977116,0.2033495306968689
0002,000034,34,0.01292297150939703,0.004729411564767361,0.007118512876331806,0.340482622385025,0.007700332906097174,0.006319517735391855,0.00643877312541008,0.20341083407402039
0002,000035,35,0.012943998910486698,0.004743739031255245,0.007156961131840944,0.34050729870796204,0.007381692063063383,0.006015281192958355,0.006149786524474621,0.20353150367736816
0002,000036,36,0.01300953421741724,0.004736383445560932,0.007245082873851061,0.3404868543148041,0.0074137793853878975,0.005770564079284668,0.006139383651316166,0.20368002355098724
0002,000037,37,0.012833780609071255,0.004767239559441805,0.007222497835755348,0.3405035436153412,0.007559694349765778,0.005657863337546587,0.006264843977987766,0.20374038815498352
0002,000038,38,0.012695922516286373,0.004779171198606491,0.0072058504447340965,0.34051400423049927,0.006853403057903051,0.0053732870146632195,0.005685571115463972,0.20406405627727509
0002,000039,39,0.012502760626375675,0.004783631302416325,0.007138577755540609,0.34049245715141296,0.0073129599913954735,0.005212629213929176,0.006067819427698851,0.2043277770280838
0002,000040,40,0.012287025339901447,0.004761229734867811,0.007039559073746204,0.34045687317848206,0.007000691723078489,0.005149989388883114,0.00583672197535634,0.20461294054985046
0002,000041,41,0.01223230641335249,0.004752173088490963,0.007056863978505135,0.3404352366924286,0.007338268682360649,0.005208858288824558,0.006124893669039011,0.20455549657344818
0002,000042,42,0.012094142846763134,0.004740910138934851,0.0070021310821175575,0.34045541286468506,0.00685026915743947,0.005153096280992031,0.005726698786020279,0.20472104847431183
0002,000043,43,0.012005097232758999,0.004725112579762936,0.007006186060607433,0.34045857191085815,0.006724347360432148,0.00503615802153945,0.00564228929579258,0.20497792959213257
0002,000044,44,0.011836018413305283,0.004714175593107939,0.006929976399987936,0.3404483199119568,0.006746290251612663,0.004899925552308559,0.005670816637575626,0.20532163977622986
0002,000045,45,0.01186758279800415,0.004689449444413185,0.006958013400435448,0.34043630957603455,0.006993965711444616,0.004841217305511236,0.005889508873224258,0.20556265115737915
0002,000046,46,0.011879011057317257,0.004631454590708017,0.0069711413234472275,0.34044915437698364,0.007450406905263662,0.004888439085334539,0.006281595677137375,0.20574411749839783
0002,000047,47,0.011838983744382858,0.004634370096027851,0.00693488959223032,0.3404538631439209,0.007481291424483061,0.004970472771674395,0.006306962110102177,0.2058141976594925
0002,000048,48,0.011809643357992172,0.0046704537235200405,0.006885857786983252,0.34048813581466675,0.007206716574728489,0.00500614196062088,0.006074490956962109,0.20604249835014343
0002,000049,49,0.011898484081029892,0.004688779823482037,0.00690254895016551,0.34050238132476807,0.007041817996650934,0.004926573950797319,0.0059361532330513,0.2063153237104416
0002,000050,50,0.01190277375280857,0.004687472712248564,0.006874679587781429,0.3405286371707916,0.007351050619035959,0.00497781066223979,0.006201581563800573,0.20638509094715118
0002,000051,51,0.011937843635678291,0.004669307265430689,0.006872407626360655,0.34052902460098267,0.007055927999317646,0.004891844466328621,0.005969601683318615,0.20661747455596924
0002,000052,52,0.011936047114431858,0.00466903718188405,0.006872747093439102,0.3405301570892334,0.006999403703957796,0.004847243893891573,0.005955561064183712,0.20689241588115692
0002,000053,53,0.011880634352564812,0.00464249262586236,0.0068444982171058655,0.34053224325180054,0.007073159329593182,0.004777139518409967,0.0060317981988191605,0.2073075920343399
0002,000054,54,0.011969154700636864,0.004635484889149666,0.006903517059981823,0.3405444025993347,0.0075151328928768635,0.004731563851237297,0.006418856326490641,0.20768426358699799
0002,000055,55,0.011895176023244858,0.00461337435990572,0.006883786991238594,0.34051868319511414,0.007749821059405804,0.004801890347152948,0.006673308089375496,0.2078877091407776
0002,000056,56,0.0119111193343997,0.004631598014384508,0.006901335436850786,0.3405146300792694,0.008028123527765274,0.004962697625160217,0.006936355028301477,0.20793792605400085
0002,000057,57,0.011865857988595963,0.004628004506230354,0.006871761754155159,0.34047839045524597,0.008191609755158424,0.0051846615970134735,0.007094764616340399,0.20793159306049347
0002,000058,58,0.012001548893749714,0.004620549734681845,0.006911497563123703,0.34046128392219543,0.007438914850354195,0.005182960536330938,0.006447437219321728,0.2083468735218048
0002,000059,59,0.011943054385483265,0.004612116143107414,0.0068215662613511086,0.3404386639595032,0.008169785141944885,0.005339920520782471,0.007073014974594116,0.20827680826187134
0002,000060,60,0.01205917913466692,0.004613277968019247,0.006833490915596485,0.3404289186000824,0.007381953299045563,0.005292303394526243,0.006395088043063879,0.20856012403964996
0002,000061,61,0.01202499121427536,0.004598571453243494,0.006812077481299639,0.34043270349502563,0.008269242942333221,0.005434056278318167,0.007124349940568209,0.20848079025745392
0002,000062,62,0.012117790058255196,0.0045850081369280815,0.006819393020123243,0.3404445946216583,0.008203360252082348,0.0055454084649682045,0.007053311914205551,0.20835332572460175
0002,000063,63,0.01215315330773592,0.004579762928187847,0.006836967077106237,0.34041932225227356,0.007683656644076109,0.0055421520955860615,0.0065967002883553505,0.20840860903263092
0002,000064,64,0.01224631629884243,0.004587700590491295,0.006834442261606455,0.34042567014694214,0.00785619392991066,0.005546508356928825,0.006706278305500746,0.20841898024082184
0002,000065,65,0.012478937394917011,0.004576319362968206,0.006894021760672331,0.3404380679130554,0.007750054355710745,0.005318560171872377,0.0065723382867872715,0.20881643891334534
0002,000066,66,0.0125288600102067,0.004591692704707384,0.006858333945274353,0.34045839309692383,0.007583585102111101,0.005027047824114561,0.006391140166670084,0.20931938290596008
0002,000067,67,0.012480863370001316,0.0046065803617239,0.006868811324238777,0.3404516577720642,0.0070159779861569405,0.004878890700638294,0.005908961407840252,0.2097679078578949
0002,000068,68,0.012644140049815178,0.004578193183988333,0.006969711277633905,0.3404605984687805,0.0070749022997915745,0.004720321856439114,0.005959009751677513,0.21004214882850647
0002,000069,69,0.01253675576299429,0.00457675801590085,0.006920396350324154,0.34045320749282837,0.0072819823399186134,0.004658693913370371,0.006152925081551075,0.2104165107011795
0002,000070,70,0.01234919298440218,0.00457323482260108,0.00685721542686224,0.3404355049133301,0.007647900376468897,0.0046405429020524025,0.006485976278781891,0.21111777424812317
0002,000071,71,0.012376083061099052,0.004561084322631359,0.006865486036986113,0.34043776988983154,0.007122020237147808,0.004648048430681229,0.006060359533876181,0.2115001380443573
0002,000072,72,0.012359730899333954,0.004554414190351963,0.006888366769999266,0.3404364585876465,0.007726574782282114,0.004696916323155165,0.006602673791348934,0.2117319256067276
0002,000073,73,0.012240413576364517,0.004544659983366728,0.00688870158046484,0.34044966101646423,0.007541136350482702,0.0047589316964149475,0.006433842703700066,0.2119274139404297
0002,000074,74,0.01213808823376894,0.004536734893918037,0.006844289600849152,0.3404499888420105,0.008048205636441708,0.0049131219275295734,0.006859550718218088,0.21183587610721588
0002,000075,75,0.01210046373307705,0.004561000037938356,0.006847846787422895,0.34045666456222534,0.007746929302811623,0.005015308503061533,0.006595555692911148,0.2119809240102768
0002,000076,76,0.012126346118748188,0.004556454252451658,0.006849640980362892,0.34047552943229675,0.0075728632509708405,0.005053825676441193,0.00644491333514452,0.21208392083644867
0002,000077,77,0.01234828308224678,0.004532201681286097,0.006961367093026638,0.34048759937286377,0.007954135537147522,0.005116734188050032,0.0067382268607616425,0.212103471159935
0002,000078,78,0.012292367406189442,0.004564607981592417,0.00693365978077054,0.34050577878952026,0.0077353352680802345,0.005089407786726952,0.006535083055496216,0.21230162680149078
0002,000079,79,0.01214563101530075,0.004609910771250725,0.006859570741653442,0.3405163288116455,0.007450110744684935,0.004947271663695574,0.006270993035286665,0.21268491446971893
0002,000080,80,0.012196945957839489,0.004628397058695555,0.006899174302816391,0.3405363857746124,0.007291818968951702,0.004865963943302631,0.006139429751783609,0.21294178068637848
0002,000081,81,0.012131095863878727,0.004672953858971596,0.006900940090417862,0.34054315090179443,0.007334386929869652,0.004847231786698103,0.00616710539907217,0.2131100296974182
0002,000082,82,0.01200754102319479,0.004689190071076155,0.0068721952848136425,0.3405461311340332,0.007262636441737413,0.004811048042029142,0.006107543595135212,0.21332065761089325
0002,000083,83,0.011957574635744095,0.0047167823649942875,0.0068807341158390045,0.34051060676574707,0.007444457150995731,0.004868985619395971,0.006273126695305109,0.21337245404720306
0002,000084,84,0.011999374255537987,0.00473428051918745,0.006917216349393129,0.3405226767063141,0.007438078057020903,0.004877306055277586,0.006276839878410101,0.21349282562732697
0002,000085,85,0.011944301426410675,0.00475761154666543,0.006909591611474752,0.3405430018901825,0.007085090968757868,0.004813981708139181,0.005964064039289951,0.21372678875923157
0002,000086,86,0.01200330350548029,0.004764472600072622,0.006938874255865812,0.34055107831954956,0.007323296274989843,0.004757287446409464,0.006168138701468706,0.21402855217456818
0002,000087,87,0.011965528130531311,0.004755096975713968,0.00692084152251482,0.3405499756336212,0.007651732303202152,0.004816603846848011,0.006459204480051994,0.21409592032432556
0002,000088,88,0.011994320899248123,0.0047904858365654945,0.006949116010218859,0.34056705236434937,0.0077430917881429195,0.0049476358108222485,0.006545070558786392,0.2140762060880661
0002,000089,89,0.011945515871047974,0.004805499687790871,0.006931166164577007,0.3405722677707672,0.008050334639847279,0.005088025704026222,0.006808362901210785,0.21402508020401
0002,000090,90,0.011993004009127617,0.0048316786997020245,0.006968382745981216,0.3405761420726776,0.008456507697701454,0.005295160226523876,0.007175753824412823,0.2138463407754898
0002,000091,91,0.011995255947113037,0.004850861616432667,0.006960183382034302,0.3405741751194,0.008011293597519398,0.005431974772363901,0.006794466637074947,0.21373292803764343
0002,000092,92,0.012019374407827854,0.004858221393078566,0.0069349659606814384,0.3405705690383911,0.008511265739798546,0.005576550494879484,0.007208726834505796,0.21354645490646362
0002,000093,93,0.012087580747902393,0.004873167723417282,0.0069401198998093605,0.340577632188797,0.009004991501569748,0.005822601728141308,0.007615369278937578,0.21319331228733063
0002,000094,94,0.01220446266233921,0.0048948656767606735,0.006974778603762388,0.340588241815567,0.008028053678572178,0.005791728384792805,0.00675976974889636,0.21313989162445068
0002,000095,95,0.012291844002902508,0.0049166372045874596,0.0070058805868029594,0.3405800759792328,0.00781294610351324,0.005716887302696705,0.006559223402291536,0.21314716339111328
0002,000096,96,0.012291532941162586,0.004936452955007553,0.00701145501807332,0.34058523178100586,0.008642562665045261,0.0057977489195764065,0.0072279879823327065,0.21298862993717194
0002,000097,97,0.012293159030377865,0.004951707553118467,0.007022242993116379,0.3405861556529999,0.008071837946772575,0.005797139834612608,0.006731896195560694,0.21289664506912231
0002,000098,98,0.012285587377846241,0.004967174027115107,0.007032550405710936,0.3406055271625519,0.008006676100194454,0.005803491920232773,0.006671969313174486,0.21272321045398712
0002,000099,99,0.012356911785900593,0.0049861883744597435,0.00707279983907938,0.34060654044151306,0.007823009975254536,0.005746174603700638,0.0065062278881669044,0.21267558634281158
0002,000100,100,0.012380458414554596,0.004994173534214497,0.007089977152645588,0.3406170606613159,0.007357955910265446,0.005542759317904711,0.0061196498572826385,0.21280087530612946
0002,000101,101,0.012370677664875984,0.004991444759070873,0.007088230922818184,0.34059932827949524,0.007703734561800957,0.005509077571332455,0.00640904949977994,0.21272464096546173
0002,000102,102,0.012281939387321472,0.004982210695743561,0.007043162826448679,0.3405938148498535,0.007363758981227875,0.005437843967229128,0.00613355590030551,0.21269410848617554
0002,000103,103,0.012324118055403233,0.004982934799045324,0.007100175600498915,0.3405956029891968,0.00711852079257369,0.00533183803781867,0.005948605481535196,0.21276181936264038
0002,000104,104,0.012183221988379955,0.0049814791418612,0.0070185367949306965,0.3405936658382416,0.007865793071687222,0.005382298491895199,0.006586857605725527,0.2125513255596161
0002,000105,105,0.012150618247687817,0.004989298060536385,0.0070380885154008865,0.3405751883983612,0.007556398399174213,0.0053666881285607815,0.006346984300762415,0.21245749294757843
0002,000106,106,0.012108270078897476,0.0049876440316438675,0.007021103985607624,0.34057581424713135,0.007514424156397581,0.0053349570371210575,0.00633095670491457,0.21239149570465088
0002,000107,107,0.012074722908437252,0.004993959795683622,0.007018083706498146,0.34055447578430176,0.007287273183465004,0.005268262233585119,0.006165797356516123,0.21246033906936646
0002,000108,108,0.012018864043056965,0.004986119922250509,0.006994463503360748,0.3405642509460449,0.007240178994834423,0.005190724041312933,0.006120672449469566,0.21254093945026398
0002,000109,109,0.01200735941529274,0.004970571957528591,0.006976756267249584,0.3405736982822418,0.007289513014256954,0.0051500797271728516,0.006160680204629898,0.21268051862716675
0002,000110,110,0.01202878076583147,0.004973868373781443,0.0069763511419296265,0.3405629098415375,0.00691246660426259,0.004930955823510885,0.0058413236401975155,0.21305111050605774
0002,000111,111,0.012031486257910728,0.005001370795071125,0.0069616250693798065,0.3405681848526001,0.007098908070474863,0.004916982725262642,0.005995691753923893,0.213247612118721
0002,000112,112,0.012060855515301228,0.005020704120397568,0.006958907004445791,0.3405669033527374,0.007171998266130686,0.004887050949037075,0.006048417650163174,0.21339525282382965
0002,000113,113,0.012016777880489826,0.005028427112847567,0.006921740248799324,0.34057289361953735,0.0070585645735263824,0.004835886415094137,0.005958439316600561,0.2135811150074005
0002,000114,114,0.012008910067379475,0.005047553218901157,0.0069046239368617535,0.340569406747818,0.007751113269478083,0.004948265850543976,0.006529469508677721,0.21350637078285217
0002,000115,115,0.011885667219758034,0.005053921602666378,0.006847855634987354,0.340571790933609,0.007445167284458876,0.005014460068196058,0.00626205513253808,0.21351803839206696
0002,000116,116,0.011883450672030449,0.005072860978543758,0.006852567195892334,0.34056079387664795,0.0075739650055766106,0.005111555103212595,0.006367424502968788,0.2134339064359665
0002,000117,117,0.011860963888466358,0.00507952319458127,0.006824817042797804,0.3405497372150421,0.0072607966139912605,0.0051409220322966576,0.0060950941406190395,0.21337729692459106
0002,000118,118,0.011861483566462994,0.005093826912343502,0.0068268547765910625,0.34055307507514954,0.007520061917603016,0.005198037251830101,0.006313401740044355,0.2132437825202942
0002,000119,119,0.011821975000202656,0.005117030814290047,0.006806541234254837,0.340554416179657,0.006788728293031454,0.0050713904201984406,0.005701812449842691,0.21339718997478485
0002,000120,120,0.011834769509732723,0.005146675743162632,0.006830791477113962,0.340572714805603,0.006648221518844366,0.004993319045752287,0.005582124460488558,0.21347591280937195
0002,000121,121,0.011828201822936535,0.005166519898921251,0.006832978222519159,0.3405676484107971,0.006734962109476328,0.0049609034322202206,0.005644832272082567,0.21355542540550232
0002,000122,122,0.011776198633015156,0.005182713735848665,0.006812557578086853,0.3405502438545227,0.007118792738765478,0.005072751548141241,0.005965895485132933,0.21341730654239655
0002,000123,123,0.011788620613515377,0.005211854353547096,0.006823334842920303,0.3405492901802063,0.006411024369299412,0.004961768630892038,0.005379972048103809,0.21356025338172913
0002,000124,124,0.011735985055565834,0.005221295170485973,0.006797682959586382,0.34056350588798523,0.0065978532657027245,0.0049557494930922985,0.005532084498554468,0.2135857343673706
0002,000125,125,0.011721068061888218,0.005249908193945885,0.0067898971028625965,0.3405734598636627,0.006545904092490673,0.004918151535093784,0.005491666961461306,0.2136007696390152
0002,000126,126,0.011706726625561714,0.0052756620571017265,0.006790605373680592,0.3405640423297882,0.006471052300184965,0.004908353090286255,0.005422743037343025,0.21361739933490753
0002,000127,127,0.011655433103442192,0.005267996806651354,0.006771846208721399,0.34056442975997925,0.006283587776124477,0.004776400979608297,0.005269620567560196,0.2138262242078781
0002,000128,128,0.011664165183901787,0.0052958885207772255,0.006796995643526316,0.34056469798088074,0.006474091671407223,0.004764176439493895,0.005440137814730406,0.2139241099357605
0002,000129,129,0.011570839211344719,0.005313364323228598,0.006750248838216066,0.3405669927597046,0.006604110822081566,0.00476681487634778,0.005553443916141987,0.21397772431373596
0002,000130,130,0.011633509770035744,0.00533084524795413,0.006789656355977058,0.34056442975997925,0.0065101138316094875,0.004740763921290636,0.005488208960741758,0.21408559381961823
0002,000131,131,0.011598535813391209,0.005339242052286863,0.006781260948628187,0.34056800603866577,0.0068025547079741955,0.0047476873733103275,0.005728982388973236,0.21412985026836395
0002,000132,132,0.011643421836197376,0.00534236803650856,0.006806148681789637,0.3405786156654358,0.006682007573544979,0.004696901421993971,0.005631725303828716,0.21428868174552917
0002,000133,133,0.011636893264949322,0.005369471851736307,0.006813674233853817,0.3405839800834656,0.006752203218638897,0.004680922254920006,0.005671466700732708,0.2143930047750473
0002,000134,134,0.011542652733623981,0.005377042107284069,0.00678272033110261,0.34056562185287476,0.0067166173830628395,0.004696480464190245,0.005647020414471626,0.21451649069786072
0002,000135,135,0.011447729542851448,0.005385230761021376,0.006755577865988016,0.340561181306839,0.006492470391094685,0.004656109493225813,0.005452039185911417,0.21465124189853668
0002,000136,136,0.01151982694864273,0.0053435806185007095,0.006796427071094513,0.3405764698982239,0.006555991712957621,0.004646790213882923,0.005509762093424797,0.21470379829406738
0002,000137,137,0.011600775644183159,0.0053102425299584866,0.0068390523083508015,0.34056705236434937,0.006617157254368067,0.004636790137737989,0.0055590528063476086,0.21476972103118896
0002,000138,138,0.011408904567360878,0.0053414516150951385,0.006746165920048952,0.34055042266845703,0.006567272357642651,0.004655026830732822,0.0055320290848612785,0.2148558348417282
0002,000139,139,0.01134693156927824,0.005378933623433113,0.006709098815917969,0.3405502140522003,0.007619364187121391,0.004887830000370741,0.0064157163724303246,0.21459797024726868
0002,000140,140,0.011355172842741013,0.0053956164047122,0.006729693617671728,0.3405681550502777,0.006444868631660938,0.004899460356682539,0.005432164296507835,0.21463793516159058
0002,000141,141,0.01137174665927887,0.0054075345396995544,0.006730766035616398,0.34056130051612854,0.006579935550689697,0.004926439840346575,0.005543872714042664,0.2146441489458084
0002,000142,142,0.01129069086164236,0.005433216691017151,0.006686517037451267,0.3405557870864868,0.00668235681951046,0.004968155175447464,0.005625589285045862,0.21458904445171356
0002,000143,143,0.011329671368002892,0.005450491327792406,0.006711545865982771,0.34056270122528076,0.006398024037480354,0.004889145493507385,0.005381609313189983,0.21470129489898682
0002,000144,144,0.011315449140965939,0.0054609514772892,0.006705056875944138,0.3405482769012451,0.006719410885125399,0.004939275328069925,0.005654997657984495,0.21460990607738495
0002,000145,145,0.011263667605817318,0.00546609703451395,0.006678931415081024,0.3405524492263794,0.006615171208977699,0.0049745808355510235,0.005561709403991699,0.2145492285490036
0002,000146,146,0.011317607946693897,0.00548730231821537,0.0067340778186917305,0.34057486057281494,0.006837642285972834,0.0050447117537260056,0.00575528759509325,0.21441125869750977
0002,000147,147,0.0113541753962636,0.005490247625857592,0.006741099990904331,0.34055715799331665,0.007113031577318907,0.005159636028110981,0.005994125735014677,0.21420639753341675
0002,000148,148,0.01126130111515522,0.005502273794263601,0.006709590088576078,0.3405512273311615,0.00673685735091567,0.005204075016081333,0.005675752647221088,0.21408815681934357
0002,000149,149,0.01134728267788887,0.0055266013368964195,0.006755823269486427,0.3405454754829407,0.006885091308504343,0.005230058915913105,0.005786782130599022,0.21393802762031555
0002,000150,150,0.011253559961915016,0.005533430725336075,0.006697726435959339,0.340554416179657,0.006794131360948086,0.0052471100352704525,0.005716359242796898,0.2137918770313263
0002,000151,151,0.0113215371966362,0.005540655925869942,0.0067381057888269424,0.3405698537826538,0.007143158465623856,0.0052991691045463085,0.006003793329000473,0.21358253061771393
0002,000152,152,0.011330811306834221,0.005538549739867449,0.006750898901373148,0.3405623137950897,0.006665647029876709,0.005259520839899778,0.005602350924164057,0.2134852260351181
0002,000153,153,0.011307953856885433,0.005565894301980734,0.00674155168235302,0.3405511677265167,0.006580984685570002,0.005179933737963438,0.005529056303203106,0.21344999969005585
0002,000154,154,0.011240014806389809,0.0055616763420403,0.006696741096675396,0.340544193983078,0.006587590090930462,0.005135552026331425,0.005545055493712425,0.213439479470253
0002,000155,155,0.01123001053929329,0.005582558922469616,0.006710167974233627,0.3405413329601288,0.006938353646546602,0.005158442538231611,0.0058405278250575066,0.21331986784934998
0002,000156,156,0.011221504770219326,0.0056063514202833176,0.006714988499879837,0.3405539095401764,0.006447428371757269,0.005078461952507496,0.0054255337454378605,0.2133137285709381
0002,000157,157,0.011252019554376602,0.005627059377729893,0.00674016447737813,0.340546190738678,0.006702305283397436,0.005070370621979237,0.005634892266243696,0.21323803067207336
0002,000158,158,0.011152046732604504,0.005633640568703413,0.006701312493532896,0.34053707122802734,0.006653802003711462,0.005052904598414898,0.005589835345745087,0.21320834755897522
0002,000159,159,0.011137478053569794,0.005670925602316856,0.006697462406009436,0.3405284881591797,0.00616723345592618,0.004930463153868914,0.005191170610487461,0.2133064568042755
0002,000160,160,0.011133740656077862,0.005712835118174553,0.006687990855425596,0.34054112434387207,0.006453776732087135,0.0049070920795202255,0.005433580372482538,0.21332019567489624
0002,000161,161,0.011080647818744183,0.0057339537888765335,0.006651704665273428,0.34052884578704834,0.006501998286694288,0.004956089425832033,0.005477949045598507,0.21326544880867004
0002,000162,162,0.011118702590465546,0.0057694874703884125,0.006655071396380663,0.34052011370658875,0.005945549346506596,0.004832832142710686,0.005000654142349958,0.21339353919029236
0002,000163,163,0.011155128479003906,0.005800767336040735,0.0066785188391804695,0.340524822473526,0.006036174949258566,0.004761864431202412,0.0050849453546106815,0.21349245309829712
0002,000164,164,0.011109995655715466,0.005824553780257702,0.006653284654021263,0.34051933884620667,0.006341399624943733,0.004802796524018049,0.005346257705241442,0.21346743404865265
0002,000165,165,0.011152911931276321,0.005855067167431116,0.006688167806714773,0.34053149819374084,0.006532609462738037,0.004867700394243002,0.005513169802725315,0.2134265899658203
0002,000166,166,0.011217826046049595,0.005873411428183317,0.006715139374136925,0.3405310809612274,0.006747082341462374,0.0049262382090091705,0.00569215789437294,0.21333681046962738
0002,000167,167,0.011203953064978123,0.005892618093639612,0.006709858309477568,0.34052130579948425,0.006575693376362324,0.0049525415524840355,0.005550702102482319,0.21330581605434418
0002,000168,168,0.011199215427041054,0.005911506246775389,0.0067294444888830185,0.3405173420906067,0.006651708390563726,0.004987371154129505,0.005608214996755123,0.21326208114624023
0002,000169,169,0.011060589924454689,0.005941447801887989,0.006671472918242216,0.3405200242996216,0.006899154745042324,0.005091644823551178,0.0058101750910282135,0.21309581398963928
0002,000170,170,0.011032430455088615,0.00594679731875658,0.006667690817266703,0.34052252769470215,0.006932995747774839,0.005116822198033333,0.005826753564178944,0.21300579607486725
0002,000171,171,0.010945607908070087,0.00597343547269702,0.006625403184443712,0.3405044674873352,0.006800216156989336,0.005158519838005304,0.005719533655792475,0.21285198628902435
0002,000172,172,0.010947526432573795,0.006012564990669489,0.006630355957895517,0.34051546454429626,0.007025589235126972,0.005250376183539629,0.005905013997107744,0.21266455948352814
0002,000173,173,0.010835138149559498,0.006035694386810064,0.006584584712982178,0.34052231907844543,0.006724322680383921,0.0053061977960169315,0.005647317972034216,0.21252724528312683
0002,000174,174,0.010837915353477001,0.006065495777875185,0.006587289739400148,0.3405161499977112,0.00652310810983181,0.005306340288370848,0.005481095518916845,0.21243256330490112
0002,000175,175,0.010818757116794586,0.0060867066495120525,0.006591266952455044,0.34051206707954407,0.006173464469611645,0.005236568860709667,0.005184437148272991,0.21241433918476105
0002,000176,176,0.01078467071056366,0.006102011073380709,0.006579414010047913,0.34051814675331116,0.006896673236042261,0.005342717748135328,0.005798832513391972,0.21222814917564392
0002,000177,177,0.010810354724526405,0.006111576221883297,0.006595098879188299,0.3405081331729889,0.005991476587951183,0.005225281231105328,0.0050353980623185635,0.2122727781534195
0002,000178,178,0.010820099152624607,0.006125239189714193,0.006614129524677992,0.3404984474182129,0.006325342692434788,0.005209105554968119,0.005322534125298262,0.21217337250709534
0002,000179,179,0.010790612548589706,0.006133199203759432,0.006600173655897379,0.3404996991157532,0.006432052236050367,0.005236719269305468,0.0054045082069933414,0.21201705932617188
0002,000180,180,0.010796364396810532,0.006143218372017145,0.006604169495403767,0.3404979109764099,0.005751275457441807,0.005101567599922419,0.004828429780900478,0.21205446124076843
0002,000181,181,0.01079575251787901,0.006137821823358536,0.006609058473259211,0.34050869941711426,0.005911831744015217,0.004996649920940399,0.004967826884239912,0.21209856867790222
0002,000182,182,0.010787737555801868,0.0061337207444012165,0.006611924152821302,0.34050434827804565,0.005899245385080576,0.0049438998103141785,0.004957195837050676,0.2121172696352005
0002,000183,183,0.010790740139782429,0.0061360620893538,0.006614884827286005,0.3405037224292755,0.005667208228260279,0.0048168194480240345,0.004756499081850052,0.2122257947921753
0002,000184,184,0.010804668068885803,0.0061350129544734955,0.006643868051469326,0.34048858284950256,0.005888546351343393,0.004719494376331568,0.004941657185554504,0.21230633556842804
0002,000185,185,0.010851971805095673,0.0061523024924099445,0.006667202804237604,0.3404978811740875,0.005757684353739023,0.004666456021368504,0.004826819058507681,0.21236465871334076
0002,000186,186,0.01080381777137518,0.006151708774268627,0.006638487800955772,0.3404938578605652,0.006337155122309923,0.004727683495730162,0.005308442749083042,0.21225407719612122
0002,000187,187,0.010807196609675884,0.006150167901068926,0.006640270352363586,0.3405025899410248,0.006614888086915016,0.004885913338512182,0.005538157187402248,0.21201759576797485
0002,000188,188,0.010828197933733463,0.006149664521217346,0.006634802557528019,0.34050121903419495,0.006323149893432856,0.004891031887382269,0.005284817889332771,0.21195317804813385
0002,000189,189,0.010811774991452694,0.006157476920634508,0.00662226602435112,0.3405100703239441,0.00634765112772584,0.004959434736520052,0.005299171898514032,0.2118251919746399
0002,000190,190,0.01086756307631731,0.006164608523249626,0.006650523282587528,0.3405085504055023,0.005968600045889616,0.004885665141046047,0.0049798511900007725,0.21179918944835663
0002,000191,191,0.010879868641495705,0.006159454584121704,0.00666766008362174,0.3405153155326843,0.005262262653559446,0.004587666597217321,0.004382813349366188,0.2120857834815979
0002,000192,192,0.010856985114514828,0.006157246883958578,0.006647008471190929,0.3405003845691681,0.005357217043638229,0.004418990574777126,0.004465111531317234,0.2123415768146515
0002,000193,193,0.010905752889811993,0.006144786719232798,0.006686000153422356,0.3405121862888336,0.005563750397413969,0.004349838476628065,0.0046373093500733376,0.2125009149312973
0002,000194,194,0.010935637168586254,0.006150517147034407,0.0067007653415203094,0.34050530195236206,0.0057762498036026955,0.004358065780252218,0.004819683730602264,0.21255885064601898
0002,000195,195,0.010907402262091637,0.006138908676803112,0.006686971057206392,0.34050679206848145,0.005906299222260714,0.004377852194011211,0.004934101365506649,0.21262510120868683
0002,000196,196,0.01092777494341135,0.006133439484983683,0.006689288653433323,0.3405153453350067,0.005681189242750406,0.004357139114290476,0.004754071589559317,0.21275204420089722
0002,000197,197,0.010971710085868835,0.006131255533546209,0.006707088090479374,0.34050944447517395,0.005753173492848873,0.004336931277066469,0.004819641355425119,0.21286682784557343
0002,000198,198,0.011010660789906979,0.0061282021924853325,0.006734585855156183,0.3405114710330963,0.006192144937813282,0.004422204103320837,0.0051953233778476715,0.2128598541021347
0002,000199,199,0.010952274315059185,0.006108793895691633,0.006707271561026573,0.3405076563358307,0.006641476880759001,0.004606707952916622,0.005581744480878115,0.2126970738172531
0002,000200,200,0.010916204191744328,0.006093646865338087,0.006690707989037037,0.3405248522758484,0.006457096431404352,0.004738781601190567,0.005429493263363838,0.21255677938461304
0002,000201,201,0.010864272713661194,0.006097013596445322,0.006673019379377365,0.34052249789237976,0.005796701647341251,0.004677120596170425,0.004877044353634119,0.2126631885766983
0002,000202,202,0.010841450653970242,0.006111522670835257,0.006662340369075537,0.34051889181137085,0.006616462022066116,0.004777704365551472,0.00556779932230711,0.21259236335754395
0002,000203,203,0.010826924815773964,0.006128816865384579,0.006678265519440174,0.3405209481716156,0.005725208669900894,0.004689326509833336,0.004827834665775299,0.21270902454853058
0002,000204,204,0.010722086764872074,0.006121383514255285,0.006610594689846039,0.34053006768226624,0.006596504710614681,0.004823682829737663,0.005560880992561579,0.21253953874111176
0002,000205,205,0.010713048279285431,0.006118316203355789,0.006611266639083624,0.3405326306819916,0.006105221342295408,0.004855509381741285,0.0051417178474366665,0.2125062644481659
0002,000206,206,0.010709979571402073,0.006116498727351427,0.006609231233596802,0.3405146896839142,0.005845671985298395,0.00481835613027215,0.004915597848594189,0.21256403625011444
0002,000207,207,0.010734811425209045,0.006128431763499975,0.006626653019338846,0.3405274450778961,0.006967128254473209,0.0049925814382731915,0.0058484249748289585,0.2122778594493866
0002,000208,208,0.010707196779549122,0.006129092536866665,0.006612924858927727,0.3405342996120453,0.005726067814975977,0.0048833731561899185,0.004802422132343054,0.2122967541217804
0002,000209,209,0.010710679925978184,0.0061406707391142845,0.006617797538638115,0.34053805470466614,0.005436746869236231,0.004678680561482906,0.00456363195553422,0.21245881915092468
0002,000210,210,0.010698310099542141,0.006144214887171984,0.0065966518595814705,0.34054434299468994,0.005950912367552519,0.004680401645600796,0.004988932050764561,0.2124151736497879
0002,000211,211,0.010702796280384064,0.006149845663458109,0.006589752156287432,0.3405363857746124,0.005639686714857817,0.004609173163771629,0.004720430821180344,0.21244584023952484
0002,000212,212,0.010783270001411438,0.0061696781776845455,0.006641071289777756,0.3405456244945526,0.0059183272533118725,0.004640853963792324,0.004950775299221277,0.2123987227678299
0002,000213,213,0.01071653887629509,0.006176593713462353,0.006599671673029661,0.3405517637729645,0.006098745856434107,0.004685590974986553,0.005091383587568998,0.2123018056154251
0002,000214,214,0.01076738815754652,0.006193884182721376,0.006635834462940693,0.34055325388908386,0.005688059609383345,0.00461616599932313,0.0047439392656087875,0.21231819689273834
0002,000215,215,0.010762078687548637,0.006213798187673092,0.00663984939455986,0.3405497372150421,0.005919796414673328,0.004614230711013079,0.004933989606797695,0.21227724850177765
0002,000216,216,0.010767262428998947,0.006233558524399996,0.006639621686190367,0.34055095911026,0.005838717333972454,0.004600389860570431,0.004854089114814997,0.21224772930145264
0002,000217,217,0.010865947231650352,0.006264604162424803,0.0066994233056902885,0.34055957198143005,0.00540627958253026,0.004497665446251631,0.004490598104894161,0.21234510838985443
0002,000218,218,0.01078136544674635,0.006280618254095316,0.00664478586986661,0.3405487537384033,0.0055948286317288876,0.004471683409065008,0.004642392974346876,0.21237552165985107
0002,000219,219,0.010766604915261269,0.006304346024990082,0.006641927175223827,0.34055957198143005,0.005748678930103779,0.004510926548391581,0.004774446599185467,0.21235030889511108
0002,000220,220,0.01073886826634407,0.006324737332761288,0.006642588879913092,0.3405604660511017,0.005371327977627516,0.004431210923939943,0.004464819096028805,0.21241556107997894
0002,000221,221,0.010730219073593616,0.006343780551105738,0.00663702841848135,0.34054166078567505,0.0051940749399363995,0.00430931756272912,0.00431401003152132,0.21258655190467834
0002,000222,222,0.010712812654674053,0.006349027622491121,0.006641881540417671,0.34055015444755554,0.0056105563417077065,0.004345026332885027,0.004661004524677992,0.21255464851856232
0002,000223,223,0.010750148445367813,0.006371211260557175,0.0066648973152041435,0.3405602276325226,0.005455527920275927,0.004329019691795111,0.004534761421382427,0.21258214116096497
0002,000224,224,0.010772278532385826,0.0063865878619253635,0.006683067884296179,0.34056463837623596,0.005765907932072878,0.004400231409817934,0.0047978805378079414,0.21248917281627655
0002,000225,225,0.0107499985024333,0.0063967397436499596,0.006678231526166201,0.34056538343429565,0.005436203442513943,0.004384112544357777,0.004527367185801268,0.21248629689216614
0002,000226,226,0.01070993673056364,0.0063948421739041805,0.006657000631093979,0.34057700634002686,0.005791071802377701,0.004454242065548897,0.004820003639906645,0.21237435936927795
0002,000227,227,0.010769370943307877,0.006396852899342775,0.00669823819771409,0.3405751883983612,0.005765814799815416,0.004465713631361723,0.004802512004971504,0.2122931182384491
0002,000228,228,0.010766694322228432,0.006405731663107872,0.006704547442495823,0.34057626128196716,0.005386159289628267,0.004407492466270924,0.004483483731746674,0.21234513819217682
0002,000229,229,0.01077484991401434,0.0064150625839829445,0.006701264530420303,0.3405717611312866,0.005552184768021107,0.004394523333758116,0.004616523627191782,0.21234750747680664
0002,000230,230,0.010761518962681293,0.006432170048356056,0.006712363101541996,0.34056326746940613,0.005593493115156889,0.0044105276465415955,0.0046563404612243176,0.2123020589351654
0002,000231,231,0.010737518779933453,0.006438554730266333,0.006699863355606794,0.34057313203811646,0.00539995264261961,0.004380503669381142,0.004498070105910301,0.21230648458003998
0002,000232,232,0.010762481018900871,0.006444284692406654,0.006714432034641504,0.34056711196899414,0.00525701092556119,0.004330523312091827,0.004376619588583708,0.21236209571361542
0006,000002,2,0.010616796091198921,0.0021976770367473364,0.004873460158705711,0.3404228687286377,0.005162219982594252,0.0010685796150937676,0.00422237953171134,0.215675950050354
0006,000003,3,0.010524011217057705,0.0029318761080503464,0.004960020072758198,0.34044376015663147,0.004774852190166712,0.001545887440443039,0.003915044013410807,0.21600335836410522
0006,000004,4,0.010575407184660435,0.003402924630790949,0.005125063005834818,0.34046682715415955,0.005056250840425491,0.001935256877914071,0.004140086472034454,0.2163454294204712
0006,000005,5,0.010521785356104374,0.0037805282045155764,0.005251552909612656,0.3404686152935028,0.005248759873211384,0.0022725719027221203,0.0043080816976726055,0.21651236712932587
0006,000006,6,0.0105248112231493,0.004098592326045036,0.005388265009969473,0.34047985076904297,0.005158598069101572,0.0024444458540529013,0.004238692577928305,0.21680645644664764
0006,000007,7,0.010539233684539795,0.004372952505946159,0.005505168344825506,0.34046173095703125,0.005179091356694698,0.0025531069841235876,0.004267786629498005,0.2170093059539795
0006,000008,8,0.010412052273750305,0.004616810940206051,0.005560602992773056,0.3404613137245178,0.005335342139005661,0.0027160500176250935,0.004407099448144436,0.21712316572666168
0006,000009,9,0.010438050143420696,0.004845716059207916,0.0056728702038526535,0.3404689133167267,0.005137856118381023,0.002856516046449542,0.004261035472154617,0.217321515083313
0006,000010,10,0.010415828786790371,0.0050233895890414715,0.005736706778407097,0.34047430753707886,0.005066344514489174,0.003054949687793851,0.004208735190331936,0.21746735274791718
0006,000011,11,0.010360583662986755,0.005167930852621794,0.005771718919277191,0.34047016501426697,0.0055870674550533295,0.0033073837403208017,0.004647165536880493,0.2174675613641739
0006,000012,12,0.010461573489010334,0.005303196143358946,0.005889570340514183,0.34049075841903687,0.005120597314089537,0.003415966173633933,0.004263850394636393,0.2176702469587326
0006,000013,13,0.010451236739754677,0.005415822379291058,0.005945159122347832,0.340492308139801,0.005706587340682745,0.0036256290040910244,0.0047470214776694775,0.21763375401496887
0006,000014,14,0.010505440644919872,0.005527128465473652,0.006025036796927452,0.34048235416412354,0.00542171485722065,0.0037357937544584274,0.004523901268839836,0.21768449246883392
0006,000015,15,0.010487203486263752,0.005609601736068726,0.006052803713828325,0.3404885530471802,0.005344458390027285,0.0037718075327575207,0.004448781721293926,0.21780544519424438
0006,000016,16,0.010489796288311481,0.0056755621917545795,0.006088194437325001,0.3404979109764099,0.0056007020175457,0.0038852656725794077,0.00467368308454752,0.21781183779239655
0006,000017,17,0.01053727325052023,0.005748579278588295,0.006152442656457424,0.34049615263938904,0.0053898924961686134,0.003941145725548267,0.004497851710766554,0.2179037630558014
0006,000018,18,0.010550186969339848,0.005801537074148655,0.006185474805533886,0.34050092101097107,0.005589080974459648,0.003990329802036285,0.004660148173570633,0.2179386168718338
0006,000019,19,0.01046882662922144,0.005847179796546698,0.006158021744340658,0.3405093848705292,0.0054997666738927364,0.0040483856573700905,0.004586272872984409,0.21799549460411072
0006,000020,20,0.010537863709032536,0.005900879856199026,0.006228519603610039,0.34051281213760376,0.005459314677864313,0.00410382729023695,0.0045538730919361115,0.2180119901895523
0006,000021,21,0.010506457649171352,0.005936563480645418,0.006237133406102657,0.3405301570892334,0.005742887035012245,0.004196660127490759,0.004788554273545742,0.2180045247077942
0006,000022,22,0.01053005363792181,0.005970513913780451,0.0062637608498334885,0.34052616357803345,0.005881638266146183,0.00427655316889286,0.004906608723104,0.21792638301849365
0006,000023,23,0.010550742037594318,0.0060052331537008286,0.006295020692050457,0.34053757786750793,0.005671340506523848,0.0043157837353646755,0.004733564332127571,0.21793518960475922
0006,000024,24,0.010568320751190186,0.006034572143107653,0.0063254074193537235,0.34054386615753174,0.00528726214542985,0.004234951455146074,0.004408621694892645,0.21810302138328552
0006,000025,25,0.010606671683490276,0.006062654312700033,0.006377468351274729,0.34054112434387207,0.0056542265228927135,0.004288333933800459,0.004721177741885185,0.2181108593940735
0006,000026,26,0.010591489262878895,0.006094861775636673,0.006380884442478418,0.34054839611053467,0.005768801551312208,0.004367121960967779,0.004813610576093197,0.21807558834552765
0006,000027,27,0.010626991279423237,0.006124785635620356,0.006419993471354246,0.3405507504940033,0.005508050322532654,0.004363218788057566,0.00459110364317894,0.21809257566928864
0006,000028,28,0.010610909201204777,0.006148861721158028,0.006423840764909983,0.3405528962612152,0.005607763305306435,0.004388893488794565,0.004678362049162388,0.218069389462471
0006,000029,29,0.010652737691998482,0.006173277273774147,0.006468689069151878,0.34054189920425415,0.005300703924149275,0.004341901279985905,0.004422327969223261,0.21817618608474731
0006,000030,30,0.010668190196156502,0.006190107669681311,0.006489190272986889,0.3405472934246063,0.005635898094624281,0.0043661645613610744,0.004700765013694763,0.21818925440311432
0006,000031,31,0.01065516285598278,0.006205492652952671,0.006493046879768372,0.3405369818210602,0.005497887264937162,0.0043653338216245174,0.004585030023008585,0.21823491156101227
0006,000032,32,0.010639820247888565,0.0062149809673428535,0.00648801913484931,0.34053686261177063,0.0053072357550263405,0.004290283191949129,0.0044264113530516624,0.2183326631784439
0006,000033,33,0.010666945017874241,0.0062310658395290375,0.006513196974992752,0.3405458331108093,0.005594260059297085,0.004324100445955992,0.0046589369885623455,0.21835684776306152
0006,000034,34,0.010640899650752544,0.006245615426450968,0.006497934460639954,0.34054526686668396,0.005493456963449717,0.004344192799180746,0.004572006873786449,0.21839146316051483
0006,000035,35,0.010689355432987213,0.006266257259994745,0.006544542498886585,0.34055355191230774,0.005511366296559572,0.004369798582047224,0.004584741313010454,0.21840843558311462
0006,000036,36,0.010704447515308857,0.006268234923481941,0.006565067917108536,0.3405645787715912,0.005768295377492905,0.004407113417983055,0.004809259437024593,0.21835580468177795
0006,000037,37,0.010833383537828922,0.00627439608797431,0.006630460266023874,0.3405683934688568,0.005631932523101568,0.0044113281182944775,0.004691795911639929,0.21839095652103424
0006,000038,38,0.010810237377882004,0.0062503330409526825,0.006622647400945425,0.34057432413101196,0.006399450823664665,0.0045440527610480785,0.005333674605935812,0.21823599934577942
0006,000039,39,0.010841568931937218,0.006230770144611597,0.006661541294306517,0.3405817449092865,0.006587083451449871,0.004689881112426519,0.0055014039389789104,0.21806266903877258
0006,000040,40,0.01094616949558258,0.00622509466484189,0.006683725863695145,0.34057480096817017,0.006420211400836706,0.004743409808725119,0.005346667021512985,0.2179773598909378
0006,000041,41,0.011148625984787941,0.0062364558689296246,0.006772530730813742,0.34056729078292847,0.0063084801658988,0.004674706608057022,0.005225647706538439,0.2181178480386734
0006,000042,42,0.011180758476257324,0.00622526416555047,0.00677242549136281,0.34059470891952515,0.006695270538330078,0.0047450317069888115,0.005533413030207157,0.2181234061717987
0006,000043,43,0.011223441921174526,0.006223100703209639,0.006801155861467123,0.34057819843292236,0.006591326091438532,0.004820331931114197,0.005438369233161211,0.2180992215871811
0006,000044,44,0.011138628236949444,0.0062288641929626465,0.006747707258909941,0.34058207273483276,0.006677442230284214,0.0048683458007872105,0.005512220785021782,0.21807387471199036
0006,000045,45,0.011139705777168274,0.006251736544072628,0.006774804089218378,0.3405840992927551,0.006892479490488768,0.004950198344886303,0.005705590359866619,0.21788671612739563
0006,000046,46,0.011121450923383236,0.006258141249418259,0.006765010766685009,0.3405795991420746,0.006208594888448715,0.0047953869216144085,0.005139642860740423,0.21798841655254364
0006,000047,47,0.011144282296299934,0.006260228808969259,0.006775072775781155,0.3405880928039551,0.00638289749622345,0.0047466447576880455,0.005296414252370596,0.21797096729278564
0006,000048,48,0.011122445575892925,0.00626343535259366,0.006779627408832312,0.3405810594558716,0.0066717807203531265,0.00467363465577364,0.005550195463001728,0.21788665652275085
0006,000049,49,0.011103712022304535,0.006277197971940041,0.00679834233596921,0.3405846059322357,0.006919199135154486,0.00480517465621233,0.005762109532952309,0.21771663427352905
0006,000050,50,0.011077063158154488,0.006295344792306423,0.006801115348935127,0.34059396386146545,0.006110866088420153,0.004726347979158163,0.0050963000394403934,0.2177681028842926
0006,000051,51,0.011030741967260838,0.0063082328997552395,0.0067823538556694984,0.34059202671051025,0.006269708275794983,0.0047389063984155655,0.00522996811196208,0.21776598691940308
0006,000052,52,0.011058906093239784,0.006312407087534666,0.006810289341956377,0.3405863046646118,0.005979618057608604,0.004669959656894207,0.004997045733034611,0.2178794890642166
0006,000053,53,0.011048628017306328,0.006325762718915939,0.0068078553304076195,0.34057700634002686,0.006758120376616716,0.004806182347238064,0.005634916480630636,0.21775344014167786
0006,000054,54,0.011040045879781246,0.00633555743843317,0.006815977394580841,0.3405922055244446,0.006064506247639656,0.004747029393911362,0.005059058777987957,0.21778252720832825
0006,000055,55,0.010997463017702103,0.006334015168249607,0.006795777007937431,0.3405740559101105,0.006625382229685783,0.004849755205214024,0.0055274819023907185,0.21763835847377777
0006,000056,56,0.010997673496603966,0.006324342451989651,0.006795379798859358,0.3405803442001343,0.006060044281184673,0.004759192932397127,0.005051630083471537,0.21770699322223663
0006,000057,57,0.011076437309384346,0.0063223387114703655,0.006845316383987665,0.34058046340942383,0.006246747449040413,0.004732346627861261,0.005214631091803312,0.21764817833900452
0006,000058,58,0.011068799532949924,0.006301483139395714,0.006847721990197897,0.3405839502811432,0.006390344351530075,0.0047895764000713825,0.005346626043319702,0.21754823625087738
0006,000059,59,0.01109426748007536,0.00629638833925128,0.0068546561524271965,0.3405737280845642,0.006556183565407991,0.004825951531529427,0.005488836672157049,0.21750622987747192
0006,000060,60,0.011104569770395756,0.0062888250686228275,0.006870950572192669,0.3405735492706299,0.006599800661206245,0.004835043102502823,0.005514961667358875,0.21741142868995667
0006,000061,61,0.011164728552103043,0.006276404485106468,0.006886753253638744,0.3405691087245941,0.006206834223121405,0.004687217064201832,0.005179355852305889,0.21748191118240356
0006,000062,62,0.011263838969171047,0.0062864855863153934,0.006910791154950857,0.34058570861816406,0.006224850658327341,0.004399513825774193,0.005156857892870903,0.21780750155448914
0006,000063,63,0.011391155421733856,0.006305203307420015,0.006970204878598452,0.34060138463974,0.006276906467974186,0.004366862587630749,0.005182945169508457,0.21799467504024506
0006,000064,64,0.011342368088662624,0.006315064150840044,0.006938848178833723,0.3405953645706177,0.0060610962100327015,0.004377879202365875,0.00501150730997324,0.2180664986371994
0006,000065,65,0.01129832398146391,0.006325822789222002,0.006943706423044205,0.34058699011802673,0.006482101511210203,0.004423927050083876,0.005368088372051716,0.21800418198108673
0006,000066,66,0.011257149279117584,0.006335876882076263,0.006935143377631903,0.34059834480285645,0.006532579194754362,0.004479896277189255,0.005416283383965492,0.21796484291553497
0006,000067,67,0.01118097361177206,0.0063446625135838985,0.006894500460475683,0.3405969440937042,0.006490140222012997,0.00457531213760376,0.005396793596446514,0.2179087996482849
0006,000068,68,0.011178362183272839,0.006354983896017075,0.006907490082085133,0.3406079411506653,0.006028162315487862,0.004526585340499878,0.005024364683777094,0.21800892055034637
0006,000069,69,0.011182860471308231,0.006367938593029976,0.006918818224221468,0.34059271216392517,0.0065372842364013195,0.004624239169061184,0.005460335407406092,0.2179398238658905
0006,000070,70,0.01128124725073576,0.006337286438792944,0.006984703708440065,0.340588241815567,0.007262438535690308,0.004789810162037611,0.006071426905691624,0.2177530974149704
0006,000071,71,0.011387178674340248,0.006314064841717482,0.00702860951423645,0.34060800075531006,0.007131694350391626,0.004889155738055706,0.00595490587875247,0.21763119101524353
0006,000072,72,0.0113801509141922,0.006288871169090271,0.007024770136922598,0.34060192108154297,0.007769457995891571,0.005110348109155893,0.00648623937740922,0.217335045337677
0006,000073,73,0.01144361961632967,0.006269760895520449,0.007076169829815626,0.3405945897102356,0.008461902849376202,0.0055254120379686356,0.007080292794853449,0.2168537974357605
0006,000074,74,0.011491118930280209,0.0062513407319784164,0.007107644807547331,0.3406098783016205,0.006752731278538704,0.0052060023881495,0.005639697425067425,0.21696414053440094
0006,000075,75,0.01177404634654522,0.006239478010684252,0.007233841810375452,0.3405745327472687,0.00652323430404067,0.0048729414120316505,0.005440503358840942,0.217250257730484
0006,000076,76,0.011911077424883842,0.0062463064678013325,0.007292137481272221,0.34060585498809814,0.007413589395582676,0.005001778714358807,0.006174844224005938,0.21711763739585876
0006,000077,77,0.011915136128664017,0.006213118322193623,0.007308688014745712,0.34061190485954285,0.007093528751283884,0.00506402226164937,0.005909102503210306,0.21699810028076172
0006,000078,78,0.01204763539135456,0.006204977165907621,0.0074093579314649105,0.340609073638916,0.007136954925954342,0.005098088178783655,0.005949739366769791,0.21693748235702515
0006,000079,79,0.012135337106883526,0.006250428501516581,0.007436268962919712,0.34061938524246216,0.00740579329431057,0.005138028878718615,0.0061759063974022865,0.2168538123369217
0006,000080,80,0.012104717083275318,0.006278772838413715,0.00743032805621624,0.3406311273574829,0.00712793692946434,0.005089551210403442,0.00596277043223381,0.21685545146465302
0006,000081,81,0.012111646123230457,0.006277185864746571,0.0074366070330142975,0.3405902683734894,0.006877085659652948,0.004969870205968618,0.00575742544606328,0.21702583134174347
0006,000082,82,0.011989191174507141,0.0062668705359101295,0.007393601816147566,0.34058576822280884,0.007023325655609369,0.004874182399362326,0.0058767348527908325,0.2171878069639206
0006,000083,83,0.011885254643857479,0.006294899620115757,0.007363298907876015,0.3405805826187134,0.006887023337185383,0.004796857479959726,0.005756787024438381,0.21741226315498352
0006,000084,84,0.011740152724087238,0.006323115900158882,0.007261607795953751,0.3405938744544983,0.006857214495539665,0.00477161630988121,0.005721587222069502,0.21758347749710083
0006,000085,85,0.011602950282394886,0.006335177458822727,0.007190392352640629,0.3406033217906952,0.006926091853529215,0.004676442593336105,0.0057638841681182384,0.2179061770439148
0006,000086,86,0.01158095058053732,0.0063274516724050045,0.007175849750638008,0.3405899107456207,0.007032368332147598,0.004689612425863743,0.005837717093527317,0.2180783897638321
0006,000087,87,0.011565939523279667,0.0063169049099087715,0.007153719197958708,0.3405836820602417,0.006930073257535696,0.004707704298198223,0.00575942313298583,0.2180929034948349
0006,000088,88,0.011524012312293053,0.00630331551656127,0.007111824583262205,0.34057480096817017,0.006748627871274948,0.004612203687429428,0.005610101390630007,0.21820701658725739
0006,000089,89,0.011497538536787033,0.00629048515111208,0.0070590064860880375,0.3405880033969879,0.007321024779230356,0.004680189304053783,0.00608409708365798,0.21819382905960083
0006,000090,90,0.011424771510064602,0.006289165932685137,0.007013716734945774,0.3406004011631012,0.007562486454844475,0.004801393020898104,0.006273927167057991,0.21807889640331268
0006,000091,91,0.011723704636096954,0.006332007236778736,0.007148738484829664,0.340610146522522,0.007282247766852379,0.004804349970072508,0.006042033433914185,0.218089759349823
0006,000092,92,0.011928102001547813,0.006358313839882612,0.007242565508931875,0.34060725569725037,0.006692558992654085,0.004720343742519617,0.005560275632888079,0.21820537745952606
0006,000093,93,0.011917456984519958,0.006347821559756994,0.007237955927848816,0.34060001373291016,0.006828709971159697,0.0046317083761096,0.0056782993488013744,0.2183048576116562
0006,000094,94,0.011747656390070915,0.00635731453076005,0.007149504963308573,0.34060847759246826,0.006329494062811136,0.004574949387460947,0.005256945267319679,0.21846812963485718
0006,000095,95,0.011688289232552052,0.006394423544406891,0.007142811082303524,0.3406223952770233,0.006832662969827652,0.004548692610114813,0.005683074705302715,0.21856896579265594
0006,000096,96,0.011529611423611641,0.006399426609277725,0.0070723313838243484,0.3406210243701935,0.007114820647984743,0.0046582999639213085,0.00594306131824851,0.21849125623703003
0006,000097,97,0.011506062000989914,0.006401176564395428,0.007067850790917873,0.34061726927757263,0.006944077089428902,0.004773011896759272,0.0058090160600841045,0.21840116381645203
0006,000098,98,0.011505217291414738,0.0064004091545939445,0.007074675057083368,0.3406088054180145,0.007403489667922258,0.004925864282995462,0.00619860552251339,0.21818266808986664
0006,000099,99,0.011468471959233284,0.006392927840352058,0.0070664784871041775,0.3406112790107727,0.007744420785456896,0.005151707213371992,0.006490638945251703,0.21789850294589996
0006,000100,100,0.011569914408028126,0.006400720216333866,0.007099146489053965,0.3406126797199249,0.007140675559639931,0.005116158630698919,0.005960105452686548,0.21778325736522675
0006,000101,101,0.011616246774792671,0.006402913946658373,0.007092445157468319,0.3406260013580322,0.006508771795779467,0.0048190574161708355,0.005414260551333427,0.2179657369852066
0006,000102,102,0.011681308969855309,0.006404018495231867,0.007130820769816637,0.3406273126602173,0.0065276590175926685,0.004699181765317917,0.005414060316979885,0.21805983781814575
0006,000103,103,0.011652416549623013,0.006398312281817198,0.0071343048475682735,0.3406248986721039,0.006600315682590008,0.004721381701529026,0.005466822534799576,0.21801109611988068
0006,000104,104,0.011597615666687489,0.006419087760150433,0.007116704247891903,0.34062013030052185,0.006079929880797863,0.004586211405694485,0.0050440942868590355,0.21812666952610016
0006,000105,105,0.011524619534611702,0.006422026082873344,0.007085500285029411,0.34063559770584106,0.0069620548747479916,0.004687095992267132,0.005790839437395334,0.2179597169160843
0006,000106,106,0.01153216790407896,0.006435990799218416,0.0070884679444134235,0.3406365215778351,0.006896544247865677,0.0047865319065749645,0.00574116175994277,0.21783703565597534
0006,000107,107,0.011573337949812412,0.006456795614212751,0.007124962750822306,0.34063032269477844,0.0065545630641281605,0.004807185847312212,0.005454903468489647,0.21778786182403564
0006,000108,108,0.011483114212751389,0.006470971740782261,0.007098769769072533,0.3406287729740143,0.006396843586117029,0.004817746113985777,0.00534064369276166,0.2177847921848297
0006,000109,109,0.011372887529432774,0.006489189807325602,0.007055386435240507,0.3406226933002472,0.006131745409220457,0.004774898290634155,0.005119492299854755,0.21785782277584076
0006,000110,110,0.011298133991658688,0.006499896291643381,0.007030404172837734,0.3406219482421875,0.006257470231503248,0.0047774952836334705,0.005219042766839266,0.2178666591644287
0006,000111,111,0.011310647241771221,0.006509729195386171,0.007046585902571678,0.34061259031295776,0.00580510264262557,0.0046422602608799934,0.004840394016355276,0.2180517464876175
0006,000112,112,0.011229965835809708,0.006532694678753614,0.00701272813603282,0.34062424302101135,0.006055955775082111,0.004652094561606646,0.0050665466114878654,0.2181236743927002
0006,000113,113,0.011211318895220757,0.006536303553730249,0.0070104640908539295,0.3406123220920563,0.006126809399574995,0.004678565077483654,0.0051306020468473434,0.21813789010047913
0006,000114,114,0.011181923560798168,0.00654603261500597,0.006996127776801586,0.34060749411582947,0.005980644375085831,0.004689383786171675,0.005007865373045206,0.21819180250167847
0006,000115,115,0.011157489381730556,0.006570491939783096,0.006985235959291458,0.3406313955783844,0.0060943299904465675,0.004709803499281406,0.005102022551000118,0.2182050347328186
0006,000116,116,0.011153433471918106,0.006596745457500219,0.006991739850491285,0.34062790870666504,0.006142848636955023,0.004758559167385101,0.005139895714819431,0.21816179156303406
0006,000117,117,0.011122182942926884,0.006603271700441837,0.006981914397329092,0.3406231701374054,0.005690215155482292,0.0046956283040344715,0.004759659990668297,0.21824224293231964
0006,000118,118,0.011079760268330574,0.006610135547816753,0.006963314488530159,0.3406252861022949,0.0059310030192136765,0.004701596684753895,0.004966310225427151,0.21828016638755798
0006,000119,119,0.011102584190666676,0.006616156082600355,0.00698505062609911,0.3406303822994232,0.006033718585968018,0.00471935048699379,0.005050372797995806,0.21829459071159363
0006,000120,120,0.011147349141538143,0.006647755857557058,0.007023544516414404,0.34062659740448,0.006215320434421301,0.0047831288538873196,0.005195823963731527,0.2182038575410843
0006,000121,121,0.011095535941421986,0.006661184597760439,0.006983941420912743,0.34062322974205017,0.005992199759930372,0.004798561800271273,0.005008695647120476,0.21815186738967896
0006,000122,122,0.01110363844782114,0.006674023810774088,0.006995950359851122,0.34062573313713074,0.005922232288867235,0.004769591148942709,0.004947167355567217,0.21814528107643127
0006,000123,123,0.011142370291054249,0.0066709150560200214,0.007020802702754736,0.34062808752059937,0.006038243416696787,0.00477104214951396,0.0050453608855605125,0.2181093990802765
0006,000124,124,0.011206131428480148,0.006656751036643982,0.007050217594951391,0.34063220024108887,0.006086076609790325,0.004719310440123081,0.005077943671494722,0.21811629831790924
0006,000125,125,0.011163108050823212,0.006635609082877636,0.007035929709672928,0.34061986207962036,0.006094025447964668,0.004673947114497423,0.005077152978628874,0.218191459774971
0006,000126,126,0.01121569611132145,0.006634212099015713,0.007069248706102371,0.34061339497566223,0.00620222557336092,0.00469499034807086,0.00515985582023859,0.21818572282791138
0006,000127,127,0.011366413906216621,0.006647307891398668,0.00716144684702158,0.34060800075531006,0.006415409501641989,0.004752853885293007,0.005343409720808268,0.21809959411621094
0006,000128,128,0.011481046676635742,0.006651552859693766,0.007167596835643053,0.34062570333480835,0.0068368189968168736,0.004874236881732941,0.005695246160030365,0.2178783267736435
0006,000129,129,0.011555010452866554,0.0066389222629368305,0.007173880469053984,0.3406336009502411,0.006393019109964371,0.00489391852170229,0.00532372435554862,0.21779552102088928
0006,000130,130,0.011538220569491386,0.006628033239394426,0.007175234612077475,0.34063324332237244,0.006034046411514282,0.004774772096425295,0.005022410769015551,0.21788467466831207
0006,000131,131,0.011479489505290985,0.006620642729103565,0.007177058607339859,0.34063252806663513,0.006209059152752161,0.004684786312282085,0.005166923627257347,0.2179434895515442
0006,000132,132,0.011406701989471912,0.006622146815061569,0.0071305567398667336,0.3406010866165161,0.006100788712501526,0.0046220021322369576,0.005086061544716358,0.21797724068164825
0006,000133,133,0.011368398554623127,0.006627893541008234,0.007112950086593628,0.34061822295188904,0.006110825575888157,0.004584053996950388,0.0050955177284777164,0.2180575728416443
0006,000134,134,0.011353339068591595,0.006630494724959135,0.007112463936209679,0.34062230587005615,0.005819450132548809,0.004484071396291256,0.0048575871624052525,0.2182411402463913
0006,000135,135,0.011295282281935215,0.006639351136982441,0.007074994500726461,0.34061476588249207,0.005656970664858818,0.004433849826455116,0.00471953721717,0.21834586560726166
0006,000136,136,0.011234529316425323,0.00664509367197752,0.007040753960609436,0.3406217098236084,0.006033295765519142,0.004480304662138224,0.005029394291341305,0.21835695207118988
0006,000137,137,0.01128473598510027,0.0066672926768660545,0.007081996183842421,0.3406394124031067,0.005829367320984602,0.004490022547543049,0.004862247966229916,0.2184004783630371
0006,000138,138,0.011235341429710388,0.006669061724096537,0.007055092602968216,0.3406344950199127,0.005497759208083153,0.004391752183437347,0.0045825461857020855,0.21860066056251526
0006,000139,139,0.01121663860976696,0.0066770832054317,0.007063486613333225,0.3406428098678589,0.005998835898935795,0.004440119490027428,0.005010177846997976,0.21857114136219025
0006,000140,140,0.011171343736350536,0.006681987550109625,0.007044644095003605,0.34064605832099915,0.006190450396388769,0.004526201635599136,0.0051637995056807995,0.21847258508205414
0006,000141,141,0.011193067766726017,0.0066920979879796505,0.007051159627735615,0.34063485264778137,0.005982505157589912,0.0045549566857516766,0.00498545728623867,0.2184457629919052
0006,000142,142,0.01118621788918972,0.006708675064146519,0.0070657311007380486,0.3406292498111725,0.006076332181692123,0.004609173163771629,0.005061390344053507,0.2183746099472046
0006,000143,143,0.01118687354028225,0.006729830056428909,0.007075204513967037,0.3406424820423126,0.00544021325185895,0.004514206200838089,0.004532843828201294,0.21850374341011047
0006,000144,144,0.011140516959130764,0.006732702720910311,0.007038499694317579,0.3406432271003723,0.005694956984370947,0.004523077979683876,0.004741567652672529,0.21850119531154633
0006,000145,145,0.011227627284824848,0.006753855384886265,0.0071033877320587635,0.3406428098678589,0.00567374425008893,0.004509321413934231,0.004724594298750162,0.2185477912425995
0006,000146,146,0.011180148459970951,0.006768434774130583,0.00706907082349062,0.3406459093093872,0.005515307188034058,0.004492161329835653,0.004592748824506998,0.21859340369701385
0006,000147,147,0.011177177540957928,0.0067800055257976055,0.007086366415023804,0.3406384587287903,0.005820500198751688,0.004521781578660011,0.004854223225265741,0.2185339331626892
0006,000148,148,0.011107244528830051,0.006778254639357328,0.007040210999548435,0.3406454920768738,0.005768466275185347,0.0045476374216377735,0.004819301888346672,0.2185104936361313
0006,000149,149,0.011175758205354214,0.0067865620367228985,0.007082229480147362,0.34064361453056335,0.0060924566350877285,0.004614643286913633,0.005087700206786394,0.21839655935764313
0006,000150,150,0.01114166621118784,0.006783469580113888,0.007076519541442394,0.3406522870063782,0.005949202459305525,0.004654336255043745,0.004963695537298918,0.21832147240638733
0006,000151,151,0.01121196523308754,0.0067938645370304585,0.007118789479136467,0.3406400978565216,0.006036276929080486,0.004687127657234669,0.005032460670918226,0.218186154961586
0006,000152,152,0.011195128783583641,0.006800485774874687,0.007101702969521284,0.3406563699245453,0.00604143226519227,0.004746078513562679,0.005033452529460192,0.21808966994285583
0006,000153,153,0.01118189375847578,0.006810774095356464,0.007107312325388193,0.3406546413898468,0.0059180171228945255,0.004765395540744066,0.004931638482958078,0.21798720955848694
0006,000154,154,0.011154227890074253,0.006816936656832695,0.007093561347573996,0.3406706154346466,0.005659723188728094,0.004738133866339922,0.004716440569609404,0.2179662436246872
0006,000155,155,0.011139784008264542,0.0068254549987614155,0.007093927823007107,0.34065890312194824,0.005528558511286974,0.00461976695805788,0.004602733533829451,0.21805614233016968
0006,000156,156,0.01113514881581068,0.006827295757830143,0.007106349337846041,0.340658575296402,0.005550669506192207,0.0045423200353980064,0.004613752011209726,0.21814538538455963
0006,000157,157,0.011204423382878304,0.006835624575614929,0.007154794409871101,0.3406723141670227,0.005647026002407074,0.0045475740917027,0.0046965884976089,0.21812361478805542
0006,000158,158,0.011191350407898426,0.006853929720818996,0.007136826403439045,0.34065625071525574,0.005533480551093817,0.004498746246099472,0.00460496312007308,0.2181546837091446
0006,000159,159,0.011191130615770817,0.006864702794700861,0.007142242044210434,0.34066933393478394,0.005361002404242754,0.004463735036551952,0.004462307784706354,0.21819598972797394
0006,000160,160,0.011182521469891071,0.006866435054689646,0.0071438271552324295,0.34065213799476624,0.005756692495197058,0.004508363548666239,0.004791282583028078,0.21813616156578064
0006,000161,161,0.011217184364795685,0.006880559492856264,0.0071633681654930115,0.34066885709762573,0.0059706890024244785,0.004598603118211031,0.00496695376932621,0.21801042556762695
0006,000162,162,0.011201457120478153,0.006883461493998766,0.007145819719880819,0.3406563997268677,0.005473406054079533,0.004572588950395584,0.004550730809569359,0.21802420914173126
0006,000163,163,0.011158186011016369,0.006876183673739433,0.00712570222094655,0.3406524062156677,0.005369757767766714,0.004495788365602493,0.004466690588742495,0.2180575132369995
0006,000164,164,0.011193668469786644,0.006879391148686409,0.007148672826588154,0.3406659662723541,0.006054366007447243,0.00460154190659523,0.0050402795895934105,0.2179182767868042
0006,000165,165,0.011202977038919926,0.006880575325340033,0.007161993067711592,0.3406618535518646,0.00558621808886528,0.004576173610985279,0.004651173483580351,0.2179029881954193
0006,000166,166,0.011255841702222824,0.006899897009134293,0.00719837611541152,0.3406663239002228,0.005306717939674854,0.004491697996854782,0.00441668089479208,0.21797126531600952
0006,000167,167,0.011212185956537724,0.0068964883685112,0.00717543950304389,0.3406696021556854,0.0053972117602825165,0.004458400886505842,0.004495025612413883,0.21802137792110443
0006,000168,168,0.01120763923972845,0.006905402988195419,0.007183250039815903,0.34067586064338684,0.005505477078258991,0.00445145508274436,0.004589100833982229,0.21802261471748352
0006,000169,169,0.011199120432138443,0.006908837240189314,0.007165800780057907,0.340657502412796,0.0055115437135100365,0.004420617129653692,0.00458949338644743,0.21804575622081757
0006,000170,170,0.011204513721168041,0.006914572324603796,0.0071849944069981575,0.3406686782836914,0.005528269801288843,0.004401617683470249,0.0045984419994056225,0.21807877719402313
0006,000171,171,0.011182759888470173,0.006911510601639748,0.00715727498754859,0.3406637907028198,0.005328864324837923,0.004314970690757036,0.004440500400960445,0.21819983422756195
0006,000172,172,0.01122239138931036,0.0069328187964856625,0.0071983737871050835,0.34066081047058105,0.005703870207071304,0.004372134804725647,0.004753741901367903,0.2181563377380371
0006,000173,173,0.011241343803703785,0.006931019015610218,0.007209409959614277,0.34064561128616333,0.005544411949813366,0.004393539857119322,0.00462113693356514,0.21815094351768494
0006,000174,174,0.011234771460294724,0.006935945712029934,0.007209426257759333,0.34064748883247375,0.005326407961547375,0.004356845282018185,0.004439527168869972,0.21822449564933777
0006,000175,175,0.011241104453802109,0.006945537868887186,0.007211978081613779,0.340658038854599,0.005818676203489304,0.0044280486181378365,0.004849346354603767,0.21817731857299805
0006,000176,176,0.011206342838704586,0.006937914993613958,0.007187387906014919,0.34064480662345886,0.005879411473870277,0.004508062731474638,0.004893042147159576,0.21809856593608856
0006,000177,177,0.011248747818171978,0.006960143800824881,0.007224182598292828,0.3406677842140198,0.00601159455254674,0.004578359425067902,0.005011002533137798,0.21797382831573486
0006,000178,178,0.01130700670182705,0.006932132411748171,0.0072432998567819595,0.340669721364975,0.005495435558259487,0.004495758097618818,0.004573352634906769,0.21805357933044434
0006,000179,179,0.011415372602641582,0.006885804235935211,0.0073131658136844635,0.34065496921539307,0.005924024153500795,0.004561559297144413,0.004940355662256479,0.217988058924675
0006,000180,180,0.011389627121388912,0.006846822798252106,0.007293396629393101,0.34066352248191833,0.006055257748812437,0.004636766854673624,0.005042724777013063,0.21786241233348846
0006,000181,181,0.011361517012119293,0.006823547184467316,0.007275533862411976,0.3406757712364197,0.005593824200332165,0.004587764386087656,0.004657785873860121,0.21784892678260803
0006,000182,182,0.011445114389061928,0.006794733926653862,0.007317726965993643,0.3406827747821808,0.005565188359469175,0.004563335794955492,0.004633025731891394,0.21785621345043182
0006,000183,183,0.011424057185649872,0.0067370873875916,0.007305929437279701,0.34067314863204956,0.005635425914078951,0.00447656586766243,0.004687163978815079,0.21792072057724
0006,000184,184,0.011499668471515179,0.006685603875666857,0.007342150434851646,0.34065690636634827,0.005958417430520058,0.004524176474660635,0.004957181867212057,0.21785226464271545
0006,000185,185,0.011534356512129307,0.0066011808812618256,0.007347580976784229,0.340652734041214,0.0060661532916128635,0.0045837219804525375,0.005047485698014498,0.21776345372200012
0006,000186,186,0.011634538881480694,0.006480836309492588,0.007371112704277039,0.3406725525856018,0.00620554992929101,0.004647334571927786,0.005165440496057272,0.21764631569385529
0006,000187,187,0.011843054555356503,0.006315583363175392,0.0074821715243160725,0.340677410364151,0.006201282609254122,0.004673788323998451,0.005159750580787659,0.21756842732429504
0006,000188,188,0.012068853713572025,0.006111385300755501,0.007560379337519407,0.34068015217781067,0.005985652096569538,0.004606382455676794,0.004974031820893288,0.21763968467712402
0006,000189,189,0.012083513662219048,0.005945822224020958,0.007546715438365936,0.34068602323532104,0.006525158882141113,0.004663852509111166,0.0054105911403894424,0.2175690233707428
0006,000190,190,0.012021654285490513,0.005849691107869148,0.007484925910830498,0.34068477153778076,0.006553823594003916,0.004709410481154919,0.005440845619887114,0.2175072580575943
0006,000191,191,0.011968615464866161,0.005801405292004347,0.0074187410064041615,0.3406710922718048,0.006365509703755379,0.004657648503780365,0.005276630632579327,0.21760441362857819
0006,000192,192,0.011988561600446701,0.005753668490797281,0.007375104818493128,0.3406725525856018,0.00658606830984354,0.004702186677604914,0.005451959557831287,0.217565655708313
0006,000193,193,0.012060539796948433,0.0056912899017333984,0.007363469805568457,0.3406743109226227,0.006744080223143101,0.004757067654281855,0.005589667707681656,0.2175360918045044
0006,000194,194,0.012224911712110043,0.005622995086014271,0.0074044400826096535,0.340674489736557,0.006818735972046852,0.0047828434035182,0.005645471159368753,0.21756786108016968
0006,000195,195,0.012343553826212883,0.005559226032346487,0.0074176606722176075,0.34067869186401367,0.007492678239941597,0.004953993018716574,0.006219387520104647,0.2173721343278885
0006,000196,196,0.012395129539072514,0.0054939743131399155,0.007423194125294685,0.34066712856292725,0.007133282255381346,0.004981775302439928,0.005931686609983444,0.21735230088233948
0006,000197,197,0.012410787865519524,0.005436404142528772,0.007404289674013853,0.340685099363327,0.007597141433507204,0.005079315509647131,0.006327650509774685,0.21732987463474274
0006,000198,198,0.01258598268032074,0.005383666139096022,0.007482421118766069,0.3406812250614166,0.008105792105197906,0.005287532228976488,0.006764179095625877,0.21725431084632874
0006,000199,199,0.012477467767894268,0.005335463210940361,0.007411024067550898,0.34067460894584656,0.007842187769711018,0.005402897484600544,0.006551485508680344,0.21718911826610565
0006,000200,200,0.012514499947428703,0.005325023550540209,0.007440822198987007,0.3406912386417389,0.008228832855820656,0.005547117907553911,0.006880306173115969,0.21705716848373413
0006,000201,201,0.012473630718886852,0.005307650659233332,0.007431212347000837,0.3406458795070648,0.007980436086654663,0.005571701098233461,0.0066874646581709385,0.2169552892446518
0006,000202,202,0.012443355284631252,0.005268333479762077,0.007425706833600998,0.3406285345554352,0.007780632935464382,0.005548791494220495,0.006528161000460386,0.21697776019573212
0006,000203,203,0.012343612499535084,0.005221523344516754,0.0074236104264855385,0.3406432867050171,0.007760498207062483,0.005479808431118727,0.006531991995871067,0.21699246764183044
0006,000204,204,0.012345976196229458,0.005188371986150742,0.007457176689058542,0.34065771102905273,0.0076742712408304214,0.005375274457037449,0.006475941743701696,0.21702247858047485
0006,000205,205,0.012279639951884747,0.005155906546860933,0.007401634007692337,0.34067079424858093,0.007919306866824627,0.0054296888411045074,0.006689364556223154,0.2169807404279709
0006,000206,206,0.012335960753262043,0.005140254739671946,0.007451729383319616,0.3406560719013214,0.008523914963006973,0.005555376410484314,0.007201115135103464,0.21683713793754578
0006,000207,207,0.012090863659977913,0.005141830071806908,0.007335645612329245,0.3406578004360199,0.007900802418589592,0.005601863376796246,0.006700336001813412,0.2167908251285553
0006,000208,208,0.01200857013463974,0.005154518876224756,0.007322242949157953,0.34064990282058716,0.00764855369925499,0.00556299788877368,0.006491792853921652,0.21679949760437012
0006,000209,209,0.012047301046550274,0.0051823826506733894,0.007338293828070164,0.3406417965888977,0.007771165110170841,0.005633736494928598,0.006613926496356726,0.21677610278129578
0006,000210,210,0.011971736326813698,0.005186902824789286,0.0072960564866662025,0.3406536281108856,0.00808802805840969,0.005766662303358316,0.006867562886327505,0.21658360958099365
0006,000211,211,0.012116559781134129,0.005175180267542601,0.007347445003688335,0.340656042098999,0.008603664115071297,0.005952619947493076,0.007329075131565332,0.2163272500038147
0006,000212,212,0.01225795317441225,0.005128318909555674,0.0074268183670938015,0.3406482934951782,0.0077166929841041565,0.005915942136198282,0.006571085657924414,0.2162916511297226
0006,000213,213,0.012298829853534698,0.005072467029094696,0.0074426112696528435,0.3406445384025574,0.007838455960154533,0.005880411248654127,0.006669810973107815,0.2162114530801773
0006,000214,214,0.012543591670691967,0.005016878712922335,0.007575823925435543,0.340626984834671,0.008387393318116665,0.005915291607379913,0.007143004331737757,0.21604371070861816
0006,000215,215,0.012658814899623394,0.0049983784556388855,0.007609998341649771,0.3406200408935547,0.008284620940685272,0.005887167993932962,0.007033823058009148,0.21594546735286713
0006,000216,216,0.012794798240065575,0.0049921926110982895,0.007644058670848608,0.34059956669807434,0.008289203979074955,0.005887673236429691,0.007032207679003477,0.21587345004081726
0006,000217,217,0.012846785597503185,0.0049737016670405865,0.007635457906872034,0.3405859172344208,0.009184970520436764,0.006048809736967087,0.007781715597957373,0.21559448540210724
0006,000218,218,0.012875202111899853,0.004964648745954037,0.007631054148077965,0.34057968854904175,0.008525285869836807,0.006010530982166529,0.007230430841445923,0.215537428855896
0006,000219,219,0.013006461784243584,0.004950219765305519,0.007717440370470285,0.3405643105506897,0.009247523732483387,0.006074441596865654,0.007835193537175655,0.21535183489322662
0006,000220,220,0.013122417964041233,0.004953654017299414,0.007739068940281868,0.340553343296051,0.008977670222520828,0.006024567410349846,0.0075946408323943615,0.2153557538986206
0006,000221,221,0.01312109176069498,0.004935336299240589,0.007690709084272385,0.3405300974845886,0.008891575038433075,0.005891599226742983,0.007491699419915676,0.2155049741268158
0006,000222,222,0.013186560943722725,0.004919437225908041,0.0077097914181649685,0.3405216634273529,0.00946422852575779,0.006001708097755909,0.00798905361443758,0.21542418003082275
0006,000223,223,0.013074664399027824,0.004902830347418785,0.007652824278920889,0.340506374835968,0.009493331424891949,0.006077393423765898,0.008005918003618717,0.2153628021478653
0006,000224,224,0.013153492473065853,0.004910090938210487,0.007664700970053673,0.34051433205604553,0.009002338163554668,0.005981525871902704,0.007594813592731953,0.21550755202770233
0006,000225,225,0.013284580782055855,0.004914855118840933,0.007718290667980909,0.3404830992221832,0.009051421657204628,0.00590743962675333,0.007641575299203396,0.21566082537174225
0006,000226,226,0.013235109858214855,0.004891935270279646,0.007675473112612963,0.34046223759651184,0.009418184868991375,0.00589979812502861,0.007933951914310455,0.21569114923477173
0006,000227,227,0.01323323417454958,0.004871726967394352,0.007672097999602556,0.34047335386276245,0.009495389647781849,0.005830543115735054,0.007977604866027832,0.21574196219444275
0006,000228,228,0.013341094367206097,0.004859203472733498,0.007723188493400812,0.34048721194267273,0.010461504571139812,0.005927927792072296,0.008757595904171467,0.21565605700016022
0006,000229,229,0.013445491902530193,0.004876646213233471,0.00775587372481823,0.34051740169525146,0.010012625716626644,0.0058787232264876366,0.008375355042517185,0.21577472984790802
0006,000230,230,0.013479984365403652,0.00487158028408885,0.007771053351461887,0.3405250310897827,0.01001811120659113,0.005792969837784767,0.008379191160202026,0.21595530211925507
0006,000231,231,0.01336637418717146,0.004876831546425819,0.007742922753095627,0.3405399024486542,0.010260035283863544,0.005831256043165922,0.00859045796096325,0.21603067219257355
0006,000232,232,0.01337469182908535,0.004872799385339022,0.007728126365691423,0.34054070711135864,0.010127682238817215,0.005884501151740551,0.008508700877428055,0.21611639857292175
0006,000233,233,0.013410988263785839,0.004880501423031092,0.00771742220968008,0.34056538343429565,0.009971458464860916,0.005873209796845913,0.008373251184821129,0.2164219617843628
0006,000234,234,0.013510552234947681,0.004900803789496422,0.0077383508905768394,0.34055858850479126,0.010076232254505157,0.005852854810655117,0.008463142439723015,0.2167956531047821
0006,000235,235,0.01350378803908825,0.004911989439278841,0.007728489115834236,0.34056559205055237,0.010172289796173573,0.0058807856403291225,0.008577240630984306,0.2169690728187561
0006,000236,236,0.013646562583744526,0.004921400919556618,0.007773392368108034,0.34054863452911377,0.010372044518589973,0.005928834434598684,0.00875758845359087,0.21713006496429443
0006,000237,237,0.013796782121062279,0.004925127606838942,0.0077866194769740105,0.340544193983078,0.010572611354291439,0.006010652985423803,0.008930299431085587,0.21709926426410675
0006,000238,238,0.013856125064194202,0.0049101500771939754,0.007771140895783901,0.34053298830986023,0.010486151091754436,0.0060513694770634174,0.008874406106770039,0.21711021661758423
0006,000239,239,0.013937055133283138,0.004900082945823669,0.007750592660158873,0.3405599594116211,0.010410514660179615,0.006135609932243824,0.00882444716989994,0.21715690195560455
0006,000240,240,0.013978041708469391,0.004873789381235838,0.0077603659592568874,0.340554416179657,0.010435128584504128,0.0061182137578725815,0.008841294795274734,0.21738827228546143
0006,000241,241,0.014008951373398304,0.00486656604334712,0.007767651230096817,0.34054920077323914,0.010762538760900497,0.006230611819773912,0.009097099304199219,0.21742141246795654
0006,000242,242,0.014228607527911663,0.0048427400179207325,0.007878375239670277,0.3405490219593048,0.010763101279735565,0.00624791020527482,0.009068343788385391,0.2175624668598175
0006,000243,243,0.014290271326899529,0.004835537634789944,0.007916816510260105,0.34056442975997925,0.010451379232108593,0.006187042687088251,0.008792310953140259,0.21783187985420227
0006,000244,244,0.014092872850596905,0.004849840886890888,0.007856791839003563,0.3405609130859375,0.010210948064923286,0.006177248898893595,0.008578726090490818,0.21794340014457703
0006,000245,245,0.013936224393546581,0.004832432605326176,0.007825501263141632,0.3405653238296509,0.010194013826549053,0.006167030427604914,0.008552025072276592,0.21802833676338196
0006,000246,246,0.013818579725921154,0.004840055480599403,0.007838793098926544,0.3405695855617523,0.010579030029475689,0.006336648482829332,0.008887534961104393,0.2177691012620926
0006,000247,247,0.013781489804387093,0.004829898942261934,0.007800563238561153,0.3405815362930298,0.010295463725924492,0.00647398829460144,0.008643923327326775,0.21757495403289795
0006,000248,248,0.013671326451003551,0.004806083627045155,0.007708484306931496,0.340553879737854,0.010648711584508419,0.0066360002383589745,0.008933423087000847,0.21725378930568695
0006,000249,249,0.013636238873004913,0.0047732130624353886,0.007693026214838028,0.3405609130859375,0.009853309951722622,0.006557457614690065,0.008243327029049397,0.21719922125339508
0006,000250,250,0.013355197384953499,0.004751614294946194,0.007605354301631451,0.34055623412132263,0.010925195179879665,0.006803811527788639,0.009115575812757015,0.21669767796993256
0006,000251,251,0.0131489597260952,0.004742304794490337,0.007473414298146963,0.3405267000198364,0.010603883303701878,0.006997754797339439,0.00884231086820364,0.21629446744918823
0006,000252,252,0.0131009416654706,0.004709386266767979,0.007414813619107008,0.34051504731178284,0.01020007859915495,0.007107154466211796,0.008511940948665142,0.2159077525138855
0006,000253,253,0.012848465703427792,0.004675495903939009,0.007291893474757671,0.34050729870796204,0.009485618211328983,0.0070670475251972675,0.007916970178484917,0.21563144028186798
0006,000254,254,0.012634038925170898,0.004664641339331865,0.00716631393879652,0.34051695466041565,0.009446936659514904,0.0070038530975580215,0.007879543118178844,0.21532981097698212
0006,000255,255,0.01266555581241846,0.004653557203710079,0.007173378486186266,0.34053564071655273,0.009411992505192757,0.006945560686290264,0.007849730551242828,0.21502692997455597
0006,000256,256,0.012643423862755299,0.004658552352339029,0.00712548615410924,0.3405551314353943,0.008571569807827473,0.006718691438436508,0.0071569462306797504,0.21486687660217285
0006,000257,257,0.012676351703703403,0.004662640392780304,0.007112308871001005,0.34056946635246277,0.008233561180531979,0.006353960372507572,0.006892662961035967,0.21492083370685577
0006,000258,258,0.0124999163672328,0.004642489831894636,0.007053880486637354,0.3405604362487793,0.00827638991177082,0.006094611715525389,0.006935566663742065,0.21495570242404938
0006,000259,259,0.012104315683245659,0.0046200621873140335,0.006943320389837027,0.34050437808036804,0.008662944659590721,0.006209996994584799,0.007275651674717665,0.2146613597869873
0006,000260,260,0.012107639573514462,0.004611516371369362,0.006954514887183905,0.3404885530471802,0.008724681101739407,0.006282743997871876,0.00734126940369606,0.21436689794063568
0006,000261,261,0.012197419069707394,0.0045452238991856575,0.006989407818764448,0.34046587347984314,0.007792517077177763,0.006116366013884544,0.006559770554304123,0.21429045498371124
0006,000262,262,0.012018847279250622,0.004516514018177986,0.006893090438097715,0.34044262766838074,0.008178173564374447,0.006144166458398104,0.006880437023937702,0.21404816210269928
0006,000263,263,0.012064251117408276,0.004515304695814848,0.00690265791490674,0.3404453694820404,0.008171692490577698,0.006153435446321964,0.006893874146044254,0.21379123628139496
0006,000264,264,0.011975434608757496,0.0045120492577552795,0.006813474930822849,0.34043803811073303,0.0076516917906701565,0.006044489797204733,0.006443894933909178,0.2136656492948532
0006,000265,265,0.012101576663553715,0.00449416832998395,0.006858625449240208,0.34044235944747925,0.00809647049754858,0.006031956523656845,0.006803419440984726,0.21344880759716034
0006,000266,266,0.012279283255338669,0.004453832749277353,0.0069144838489592075,0.34043723344802856,0.007859169505536556,0.005828055087476969,0.006597328465431929,0.2134430706501007
0006,000267,267,0.012605137191712856,0.004369137808680534,0.0070357234217226505,0.34045177698135376,0.008563127368688583,0.005649380851536989,0.0071897744201123714,0.2134549617767334
0006,000268,268,0.012554818764328957,0.004356348421424627,0.007003010716289282,0.34047579765319824,0.00902172364294529,0.005593233276158571,0.007581488694995642,0.2135731428861618
0006,000269,269,0.011903687380254269,0.004378017038106918,0.006708418484777212,0.34047451615333557,0.008415578864514828,0.0057538473047316074,0.007089507766067982,0.21350577473640442
