drive,corruption,condition,replicate,window_index,disturbance_start_index,disturbance_stop_index_exclusive,classification_label,mean_future_severity,instant_error_rms,simple_scalar_ema_error_rms,dynamic_error_state_rms,matched_tensor_ema_error_rms
2011_09_26/2011_09_26_drive_0011_sync,gaussian_blur,persistent,0,0,0,8,1,0.25,0.7514830843753589,0.82567951801249,0.2358681830854508,0.2358681830854508
2011_09_26/2011_09_26_drive_0011_sync,gaussian_blur,persistent,0,1,8,16,1,0.25,0.7940013561194551,0.7898948593764421,0.24188715004686626,0.24188715004686626
2011_09_26/2011_09_26_drive_0011_sync,gaussian_blur,persistent,0,2,16,24,1,0.375,0.673049906559966,0.7251299006946819,0.22370147804832152,0.22370147804832152
2011_09_26/2011_09_26_drive_0011_sync,gaussian_blur,persistent,0,3,24,32,1,0.5,0.6096857807581688,0.6317106758705305,0.22975869244401664,0.22975869244401664
2011_09_26/2011_09_26_drive_0011_sync,gaussian_blur,persistent,0,4,32,40,1,0.5,0.6415353602596107,0.6374834941386591,0.2431356310353198,0.2431356310353198
2011_09_26/2011_09_26_drive_0011_sync,gaussian_blur,persistent,0,5,40,48,1,0.75,0.5061604874759933,0.5613308046142128,0.22993606584614917,0.22993606584614917
2011_09_26/2011_09_26_drive_0011_sync,gaussian_blur,persistent,0,6,48,56,1,0.75,0.5239496814981076,0.5208255706488487,0.24884837322174935,0.24884837322174935
2011_09_26/2011_09_26_drive_0011_sync,gaussian_blur,persistent,0,7,56,64,1,0.875,0.5220269286105573,0.5280344967043896,0.2606101963144501,0.2606101963144501
2011_09_26/2011_09_26_drive_0011_sync,gaussian_blur,persistent,0,8,64,72,1,1.0,0.4161145045571946,0.46196122389339656,0.24847880340600179,0.24847880340600179
2011_09_26/2011_09_26_drive_0011_sync,gaussian_blur,persistent,0,9,72,80,1,1.0,0.388895295566083,0.3990108528832879,0.24180935926099145,0.24180935926099145
2011_09_26/2011_09_26_drive_0011_sync,gaussian_blur,persistent,1,0,0,8,1,0.5,0.6869159709444432,0.8009212183413702,0.23022419970466862,0.23022419970466862
2011_09_26/2011_09_26_drive_0011_sync,gaussian_blur,persistent,1,1,8,16,1,0.5,0.667920361005415,0.6793202744346936,0.22895327016091707,0.22895327016091707
2011_09_26/2011_09_26_drive_0011_sync,gaussian_blur,persistent,1,2,16,24,1,0.625,0.5714424115725616,0.6129197259336215,0.21572417247578454,0.21572417247578454
2011_09_26/2011_09_26_drive_0011_sync,gaussian_blur,persistent,1,3,24,32,1,0.75,0.5387086765635931,0.5523661364499365,0.2275409781823373,0.2275409781823373
2011_09_26/2011_09_26_drive_0011_sync,gaussian_blur,persistent,1,4,32,40,1,0.75,0.5689859169342291,0.562653440096932,0.240203541561025,0.240203541561025
2011_09_26/2011_09_26_drive_0011_sync,gaussian_blur,persistent,1,5,40,48,1,1.0,0.4563918930546551,0.5000027748920038,0.2252014264242793,0.2252014264242793
2011_09_26/2011_09_26_drive_0011_sync,gaussian_blur,persistent,1,6,48,56,1,1.0,0.4868835342384401,0.4789055985235035,0.24214959518766602,0.24214959518766602
2011_09_26/2011_09_26_drive_0011_sync,gaussian_blur,persistent,1,7,56,64,1,0.625,0.6573368275689704,0.5741937293021593,0.2810668983881238,0.2810668983881238
2011_09_26/2011_09_26_drive_0011_sync,gaussian_blur,persistent,1,8,64,72,1,0.25,0.6016381708704228,0.6327931847076138,0.2630256766594071,0.2630256766594071
2011_09_26/2011_09_26_drive_0011_sync,gaussian_blur,persistent,1,9,72,80,1,0.25,0.5922399361995108,0.5886274154547918,0.2567960460169831,0.2567960460169831
2011_09_26/2011_09_26_drive_0011_sync,gaussian_blur,persistent,2,0,0,8,1,0.75,0.6383761257742349,0.7782772434450603,0.22691852613654112,0.22691852613654112
2011_09_26/2011_09_26_drive_0011_sync,gaussian_blur,persistent,2,1,8,16,1,0.75,0.5917465942604969,0.6107103589288452,0.2255242017329324,0.2255242017329324
2011_09_26/2011_09_26_drive_0011_sync,gaussian_blur,persistent,2,2,16,24,1,0.875,0.5148184378818076,0.5486975963689787,0.21517875205314746,0.21517875205314746
2011_09_26/2011_09_26_drive_0011_sync,gaussian_blur,persistent,2,3,24,32,1,1.0,0.5012983488874467,0.5087601864644179,0.2250610171746284,0.2250610171746284
2011_09_26/2011_09_26_drive_0011_sync,gaussian_blur,persistent,2,4,32,40,1,1.0,0.5276746018561961,0.5209913201569407,0.2344018969301922,0.2344018969301922
2011_09_26/2011_09_26_drive_0011_sync,gaussian_blur,persistent,2,5,40,48,1,0.25,0.7400990785010679,0.667997395074793,0.2657110809254337,0.2657110809254337
2011_09_26/2011_09_26_drive_0011_sync,gaussian_blur,persistent,2,6,48,56,1,0.25,0.7360573025607796,0.7057695688971982,0.2727524648285408,0.2727524648285408
2011_09_26/2011_09_26_drive_0011_sync,gaussian_blur,persistent,2,7,56,64,1,0.375,0.7135814785963993,0.7414244505315246,0.28298197992219315,0.28298197992219315
2011_09_26/2011_09_26_drive_0011_sync,gaussian_blur,persistent,2,8,64,72,1,0.5,0.5001217741037322,0.5781729858825388,0.249403551593895,0.249403551593895
2011_09_26/2011_09_26_drive_0011_sync,gaussian_blur,persistent,2,9,72,80,1,0.5,0.47566839502245467,0.48879356320296974,0.2443146931639585,0.2443146931639585
2011_09_26/2011_09_26_drive_0011_sync,gaussian_blur,persistent,3,0,0,8,1,1.0,0.6086198768295192,0.7631159089175235,0.22354400776247518,0.22354400776247518
2011_09_26/2011_09_26_drive_0011_sync,gaussian_blur,persistent,3,1,8,16,1,1.0,0.5522947790391424,0.5743758997985556,0.2227080991574352,0.2227080991574352
2011_09_26/2011_09_26_drive_0011_sync,gaussian_blur,persistent,3,2,16,24,1,0.625,0.6496177973687669,0.5940846564236354,0.23766334955215368,0.23766334955215368
2011_09_26/2011_09_26_drive_0011_sync,gaussian_blur,persistent,3,3,24,32,1,0.25,0.7286296600695036,0.7037881215678836,0.24766530649039015,0.24766530649039015
2011_09_26/2011_09_26_drive_0011_sync,gaussian_blur,persistent,3,4,32,40,1,0.25,0.762688511992873,0.7508408629398156,0.2552302616922979,0.2552302616922979
2011_09_26/2011_09_26_drive_0011_sync,gaussian_blur,persistent,3,5,40,48,1,0.5,0.5895617020062418,0.6623455522763042,0.23783353448741673,0.23783353448741673
2011_09_26/2011_09_26_drive_0011_sync,gaussian_blur,persistent,3,6,48,56,1,0.5,0.5910076524749123,0.5926743004081725,0.25370132127677764,0.25370132127677764
2011_09_26/2011_09_26_drive_0011_sync,gaussian_blur,persistent,3,7,56,64,1,0.625,0.5888098064365681,0.6007786134105373,0.2645032350358521,0.2645032350358521
2011_09_26/2011_09_26_drive_0011_sync,gaussian_blur,persistent,3,8,64,72,1,0.75,0.4420958748478174,0.5003005810363712,0.24649195575964752,0.24649195575964752
2011_09_26/2011_09_26_drive_0011_sync,gaussian_blur,persistent,3,9,72,80,1,0.75,0.4172957450843888,0.4277512903321219,0.24146500380791056,0.24146500380791056
2011_09_26/2011_09_26_drive_0011_sync,gaussian_blur,shuffled,0,0,0,8,0,0.59375,0.958230692517182,0.9617711893733648,0.23195769998981908,0.23195769998981908
2011_09_26/2011_09_26_drive_0011_sync,gaussian_blur,shuffled,0,1,8,16,0,0.75,0.6620944927281629,0.7673486204477199,0.2240118778382225,0.2240118778382225
2011_09_26/2011_09_26_drive_0011_sync,gaussian_blur,shuffled,0,2,16,24,0,0.6875,0.8370832333362808,0.7779116111194497,0.2214185753700315,0.2214185753700315
2011_09_26/2011_09_26_drive_0011_sync,gaussian_blur,shuffled,0,3,24,32,0,0.5,0.8190457910760551,0.8053826064836771,0.23628750835706558,0.23628750835706558
2011_09_26/2011_09_26_drive_0011_sync,gaussian_blur,shuffled,0,4,32,40,0,0.625,1.023591243075919,0.9450247465148269,0.24375838619718299,0.24375838619718299
2011_09_26/2011_09_26_drive_0011_sync,gaussian_blur,shuffled,0,5,40,48,0,0.6875,0.6961940415243397,0.7971792583314207,0.23442026732067103,0.23442026732067103
2011_09_26/2011_09_26_drive_0011_sync,gaussian_blur,shuffled,0,6,48,56,0,0.59375,0.7652595009596864,0.7637915355073929,0.2508197556954699,0.2508197556954699
2011_09_26/2011_09_26_drive_0011_sync,gaussian_blur,shuffled,0,7,56,64,0,0.53125,0.8844024740913473,0.8609879969680794,0.2768162316230693,0.2768162316230693
2011_09_26/2011_09_26_drive_0011_sync,gaussian_blur,shuffled,0,8,64,72,0,0.78125,0.6143864668011786,0.7205971317422463,0.24394774755542337,0.24394774755542337
2011_09_26/2011_09_26_drive_0011_sync,gaussian_blur,shuffled,0,9,72,80,0,0.5,0.7168111657394775,0.7040648530461932,0.24423309314022829,0.24423309314022829
2011_09_26/2011_09_26_drive_0011_sync,gaussian_blur,shuffled,1,0,0,8,0,0.46875,0.8507283009548181,0.8770560895904004,0.23086714118065746,0.23086714118065746
2011_09_26/2011_09_26_drive_0011_sync,gaussian_blur,shuffled,1,1,8,16,0,0.75,0.7478362241452229,0.8327361430579515,0.22786946457267354,0.22786946457267354
2011_09_26/2011_09_26_drive_0011_sync,gaussian_blur,shuffled,1,2,16,24,0,0.5625,0.8687304099931636,0.8190894481202972,0.2256397127149612,0.2256397127149612
2011_09_26/2011_09_26_drive_0011_sync,gaussian_blur,shuffled,1,3,24,32,0,0.75,0.6516669143799207,0.7023432474170347,0.22302667593675102,0.22302667593675102
2011_09_26/2011_09_26_drive_0011_sync,gaussian_blur,shuffled,1,4,32,40,0,0.5,0.8799423023709326,0.802764868103754,0.2522150013057501,0.2522150013057501
2011_09_26/2011_09_26_drive_0011_sync,gaussian_blur,shuffled,1,5,40,48,0,0.6875,0.830867055637037,0.8422278336341518,0.2348751650614215,0.2348751650614215
2011_09_26/2011_09_26_drive_0011_sync,gaussian_blur,shuffled,1,6,48,56,0,0.71875,0.745079799952667,0.7856619089720572,0.24466584397294788,0.24466584397294788
2011_09_26/2011_09_26_drive_0011_sync,gaussian_blur,shuffled,1,7,56,64,0,0.65625,0.7749120919531334,0.735866963920454,0.26573947903571926,0.26573947903571926
2011_09_26/2011_09_26_drive_0011_sync,gaussian_blur,shuffled,1,8,64,72,0,0.53125,0.7726158447449756,0.7858233388426712,0.25162786288174643,0.25162786288174643
2011_09_26/2011_09_26_drive_0011_sync,gaussian_blur,shuffled,1,9,72,80,0,0.625,0.6751556055551524,0.7182941530744876,0.23596338431155828,0.23596338431155828
2011_09_26/2011_09_26_drive_0011_sync,gaussian_blur,shuffled,2,0,0,8,0,0.71875,0.7302634236330742,0.8217509377944745,0.22467128734603065,0.22467128734603065
2011_09_26/2011_09_26_drive_0011_sync,gaussian_blur,shuffled,2,1,8,16,0,0.5,0.8532777654773527,0.802801773307848,0.23788503658395133,0.23788503658395133
2011_09_26/2011_09_26_drive_0011_sync,gaussian_blur,shuffled,2,2,16,24,0,0.5625,0.8155121508802132,0.8141211252628399,0.21924101727577483,0.21924101727577483
2011_09_26/2011_09_26_drive_0011_sync,gaussian_blur,shuffled,2,3,24,32,0,0.75,0.7989511861364469,0.7785182343604529,0.23186010984580968,0.23186010984580968
2011_09_26/2011_09_26_drive_0011_sync,gaussian_blur,shuffled,2,4,32,40,0,0.625,0.8684883315014758,0.8929828790993496,0.24031969571123407,0.24031969571123407
2011_09_26/2011_09_26_drive_0011_sync,gaussian_blur,shuffled,2,5,40,48,0,0.5625,0.8561272450080769,0.8622279487058226,0.24349621611805572,0.24349621611805572
2011_09_26/2011_09_26_drive_0011_sync,gaussian_blur,shuffled,2,6,48,56,0,0.71875,0.8321027161413593,0.8155473206013358,0.24893015957362036,0.24893015957362036
2011_09_26/2011_09_26_drive_0011_sync,gaussian_blur,shuffled,2,7,56,64,0,0.53125,0.8823860194717977,0.8798860331263288,0.2742018203575668,0.2742018203575668
2011_09_26/2011_09_26_drive_0011_sync,gaussian_blur,shuffled,2,8,64,72,0,0.53125,0.6426795406596201,0.7304243473496315,0.2504595323754122,0.2504595323754122
2011_09_26/2011_09_26_drive_0011_sync,gaussian_blur,shuffled,2,9,72,80,0,0.75,0.6424136951018798,0.6625798246846586,0.2343340206520474,0.2343340206520474
2011_09_26/2011_09_26_drive_0011_sync,gaussian_blur,shuffled,3,0,0,8,0,0.71875,0.8250618345535866,0.8781760657865562,0.23036424517074702,0.23036424517074702
2011_09_26/2011_09_26_drive_0011_sync,gaussian_blur,shuffled,3,1,8,16,0,0.5,0.7853560578168975,0.8021030249953732,0.23287304673462283,0.23287304673462283
2011_09_26/2011_09_26_drive_0011_sync,gaussian_blur,shuffled,3,2,16,24,0,0.6875,0.709381742551029,0.7186706190756296,0.21896413779261148,0.21896413779261148
2011_09_26/2011_09_26_drive_0011_sync,gaussian_blur,shuffled,3,3,24,32,0,0.5,0.8382901656629737,0.8097526326326484,0.24032458589257388,0.24032458589257388
2011_09_26/2011_09_26_drive_0011_sync,gaussian_blur,shuffled,3,4,32,40,0,0.75,0.748326160256227,0.7975620760840455,0.23332647147062205,0.23332647147062205
2011_09_26/2011_09_26_drive_0011_sync,gaussian_blur,shuffled,3,5,40,48,0,0.5625,0.7837668435409795,0.7652226310015968,0.24246077775113578,0.24246077775113578
2011_09_26/2011_09_26_drive_0011_sync,gaussian_blur,shuffled,3,6,48,56,0,0.46875,0.9380362102077433,0.8590291682774532,0.26263705098960616,0.26263705098960616
2011_09_26/2011_09_26_drive_0011_sync,gaussian_blur,shuffled,3,7,56,64,0,0.78125,0.6894688421357302,0.7880086898735419,0.2576071029747512,0.2576071029747512
2011_09_26/2011_09_26_drive_0011_sync,gaussian_blur,shuffled,3,8,64,72,0,0.65625,0.6467582755072554,0.6726191286588148,0.24619238249458125,0.24619238249458125
2011_09_26/2011_09_26_drive_0011_sync,gaussian_blur,shuffled,3,9,72,80,0,0.625,0.7393785647746115,0.7137396726345238,0.2438899795199417,0.2438899795199417
2011_09_26/2011_09_26_drive_0011_sync,iid_gaussian_noise,persistent,0,0,0,8,1,0.25,0.878003071911393,0.8944128810993586,0.25963402226318316,0.25963402226318316
2011_09_26/2011_09_26_drive_0011_sync,iid_gaussian_noise,persistent,0,1,8,16,1,0.25,0.9599791254676227,0.9379280814718929,0.27465718684768636,0.27465718684768636
2011_09_26/2011_09_26_drive_0011_sync,iid_gaussian_noise,persistent,0,2,16,24,1,0.375,0.8730764955412068,0.8986871855025617,0.2595907552932857,0.2595907552932857
2011_09_26/2011_09_26_drive_0011_sync,iid_gaussian_noise,persistent,0,3,24,32,1,0.5,0.9054148964194957,0.8954817882590487,0.2654394225658878,0.2654394225658878
2011_09_26/2011_09_26_drive_0011_sync,iid_gaussian_noise,persistent,0,4,32,40,1,0.5,0.9577050377110307,0.9407730164741593,0.28827643764921135,0.28827643764921135
2011_09_26/2011_09_26_drive_0011_sync,iid_gaussian_noise,persistent,0,5,40,48,1,0.75,0.9008558892338105,0.9180747906326401,0.2901935169737716,0.2901935169737716
2011_09_26/2011_09_26_drive_0011_sync,iid_gaussian_noise,persistent,0,6,48,56,1,0.75,0.936700761627759,0.9225021588449931,0.30615627482643754,0.30615627482643754
2011_09_26/2011_09_26_drive_0011_sync,iid_gaussian_noise,persistent,0,7,56,64,1,0.875,0.9480060712055537,0.9507345914424682,0.31773838072796107,0.31773838072796107
2011_09_26/2011_09_26_drive_0011_sync,iid_gaussian_noise,persistent,0,8,64,72,1,1.0,0.8051418741806038,0.8613583900892962,0.27745883815415806,0.27745883815415806
2011_09_26/2011_09_26_drive_0011_sync,iid_gaussian_noise,persistent,0,9,72,80,1,1.0,0.7860292141139975,0.7948912611077498,0.2668438126285348,0.2668438126285348
2011_09_26/2011_09_26_drive_0011_sync,iid_gaussian_noise,persistent,1,0,0,8,1,0.5,0.9077481361819263,0.915381952947113,0.25781852416722084,0.25781852416722084
2011_09_26/2011_09_26_drive_0011_sync,iid_gaussian_noise,persistent,1,1,8,16,1,0.5,0.9584930038589216,0.9436158085414383,0.2683618595811824,0.2683618595811824
2011_09_26/2011_09_26_drive_0011_sync,iid_gaussian_noise,persistent,1,2,16,24,1,0.625,0.8735433431715249,0.8996433222152765,0.25252666538209884,0.25252666538209884
2011_09_26/2011_09_26_drive_0011_sync,iid_gaussian_noise,persistent,1,3,24,32,1,0.75,0.9097350745348962,0.8987506133479632,0.25972314190382145,0.25972314190382145
2011_09_26/2011_09_26_drive_0011_sync,iid_gaussian_noise,persistent,1,4,32,40,1,0.75,0.9570815286320341,0.9412471593086448,0.2823876293817358,0.2823876293817358
2011_09_26/2011_09_26_drive_0011_sync,iid_gaussian_noise,persistent,1,5,40,48,1,1.0,0.8985565132021555,0.9175090646779542,0.2861955093345191,0.2861955093345191
2011_09_26/2011_09_26_drive_0011_sync,iid_gaussian_noise,persistent,1,6,48,56,1,1.0,0.9272297453749951,0.9164995118097866,0.29928693358935665,0.29928693358935665
2011_09_26/2011_09_26_drive_0011_sync,iid_gaussian_noise,persistent,1,7,56,64,1,0.625,0.9620487299169382,0.9565760269981607,0.32620915867835043,0.32620915867835043
2011_09_26/2011_09_26_drive_0011_sync,iid_gaussian_noise,persistent,1,8,64,72,1,0.25,0.7813445925236038,0.8520859151196628,0.29014492359452276,0.29014492359452276
2011_09_26/2011_09_26_drive_0011_sync,iid_gaussian_noise,persistent,1,9,72,80,1,0.25,0.7811422859787394,0.7785555814848971,0.2855027043878101,0.2855027043878101
2011_09_26/2011_09_26_drive_0011_sync,iid_gaussian_noise,persistent,2,0,0,8,1,0.75,0.9275027368084005,0.9294993318494331,0.25527320370608086,0.25527320370608086
2011_09_26/2011_09_26_drive_0011_sync,iid_gaussian_noise,persistent,2,1,8,16,1,0.75,0.9510210781105307,0.943890230738132,0.26163009804276727,0.26163009804276727
2011_09_26/2011_09_26_drive_0011_sync,iid_gaussian_noise,persistent,2,2,16,24,1,0.875,0.8701980280185433,0.8953663362530437,0.24619835916057778,0.24619835916057778
2011_09_26/2011_09_26_drive_0011_sync,iid_gaussian_noise,persistent,2,3,24,32,1,1.0,0.9074934945565027,0.8962160867575383,0.2553154491785952,0.2553154491785952
2011_09_26/2011_09_26_drive_0011_sync,iid_gaussian_noise,persistent,2,4,32,40,1,1.0,0.9443257367036357,0.9316100602184599,0.27601410088678396,0.27601410088678396
2011_09_26/2011_09_26_drive_0011_sync,iid_gaussian_noise,persistent,2,5,40,48,1,0.25,0.9084808799449856,0.9262536317299435,0.3025457408564915,0.3025457408564915
2011_09_26/2011_09_26_drive_0011_sync,iid_gaussian_noise,persistent,2,6,48,56,1,0.25,0.9410515335901001,0.9192177492958808,0.31874350562628295,0.31874350562628295
2011_09_26/2011_09_26_drive_0011_sync,iid_gaussian_noise,persistent,2,7,56,64,1,0.375,0.9494190498795894,0.9560482940804549,0.33137920184474223,0.33137920184474223
2011_09_26/2011_09_26_drive_0011_sync,iid_gaussian_noise,persistent,2,8,64,72,1,0.5,0.7974450930967548,0.8570806595171527,0.2848481105174002,0.2848481105174002
2011_09_26/2011_09_26_drive_0011_sync,iid_gaussian_noise,persistent,2,9,72,80,1,0.5,0.7900595174738085,0.7931763708222758,0.2754831812230314,0.2754831812230314
2011_09_26/2011_09_26_drive_0011_sync,iid_gaussian_noise,persistent,3,0,0,8,1,1.0,0.934408071908691,0.935908863931281,0.2524590153633622,0.2524590153633622
2011_09_26/2011_09_26_drive_0011_sync,iid_gaussian_noise,persistent,3,1,8,16,1,1.0,0.9399698513902466,0.9374228342977198,0.2561507637535768,0.2561507637535768
2011_09_26/2011_09_26_drive_0011_sync,iid_gaussian_noise,persistent,3,2,16,24,1,0.625,0.8941460952276098,0.9080926090808473,0.26004529464834375,0.26004529464834375
2011_09_26/2011_09_26_drive_0011_sync,iid_gaussian_noise,persistent,3,3,24,32,1,0.25,0.8966704487454996,0.8953343988773433,0.27408817847071454,0.27408817847071454
2011_09_26/2011_09_26_drive_0011_sync,iid_gaussian_noise,persistent,3,4,32,40,1,0.25,0.950834838282378,0.9347548610438139,0.2938989286374971,0.2938989286374971
2011_09_26/2011_09_26_drive_0011_sync,iid_gaussian_noise,persistent,3,5,40,48,1,0.5,0.8996089880936265,0.9157738573783938,0.29431775443434205,0.29431775443434205
2011_09_26/2011_09_26_drive_0011_sync,iid_gaussian_noise,persistent,3,6,48,56,1,0.5,0.9422567466540417,0.9236845800225401,0.31325118531741014,0.31325118531741014
2011_09_26/2011_09_26_drive_0011_sync,iid_gaussian_noise,persistent,3,7,56,64,1,0.625,0.9502602469496704,0.9552085602019756,0.3244895968195506,0.3244895968195506
2011_09_26/2011_09_26_drive_0011_sync,iid_gaussian_noise,persistent,3,8,64,72,1,0.75,0.803177334408872,0.8605128985063756,0.2803903771826125,0.2803903771826125
2011_09_26/2011_09_26_drive_0011_sync,iid_gaussian_noise,persistent,3,9,72,80,1,0.75,0.7920561188629149,0.7979843747296839,0.2703255528099843,0.2703255528099843
2011_09_26/2011_09_26_drive_0011_sync,iid_gaussian_noise,shuffled,0,0,0,8,0,0.59375,1.0169409276573755,0.9824647723663742,0.25847502599606675,0.25847502599606675
2011_09_26/2011_09_26_drive_0011_sync,iid_gaussian_noise,shuffled,0,1,8,16,0,0.75,0.9682156788497223,0.9857685836943334,0.26254000916143255,0.26254000916143255
2011_09_26/2011_09_26_drive_0011_sync,iid_gaussian_noise,shuffled,0,2,16,24,0,0.6875,0.9873803441684422,0.9759403543770415,0.2542356649565357,0.2542356649565357
2011_09_26/2011_09_26_drive_0011_sync,iid_gaussian_noise,shuffled,0,3,24,32,0,0.5,0.9663801074084759,0.9680287801362006,0.26834422182232226,0.26834422182232226
2011_09_26/2011_09_26_drive_0011_sync,iid_gaussian_noise,shuffled,0,4,32,40,0,0.625,1.0968106728615101,1.045910645028371,0.2865131084992112,0.2865131084992112
2011_09_26/2011_09_26_drive_0011_sync,iid_gaussian_noise,shuffled,0,5,40,48,0,0.6875,0.961634524704905,1.0014653859636347,0.29309128574298327,0.29309128574298327
2011_09_26/2011_09_26_drive_0011_sync,iid_gaussian_noise,shuffled,0,6,48,56,0,0.59375,0.998573077461139,0.9948523040236376,0.3111559733071135,0.3111559733071135
2011_09_26/2011_09_26_drive_0011_sync,iid_gaussian_noise,shuffled,0,7,56,64,0,0.53125,1.0283556776008766,1.026003094551393,0.3260082029460759,0.3260082029460759
2011_09_26/2011_09_26_drive_0011_sync,iid_gaussian_noise,shuffled,0,8,64,72,0,0.78125,0.8660627676822802,0.9339622875584705,0.2798862786660328,0.2798862786660328
2011_09_26/2011_09_26_drive_0011_sync,iid_gaussian_noise,shuffled,0,9,72,80,0,0.5,0.8606883540962946,0.8687826089084096,0.27736156829137043,0.27736156829137043
2011_09_26/2011_09_26_drive_0011_sync,iid_gaussian_noise,shuffled,1,0,0,8,0,0.46875,0.9415685275452661,0.9297232063042302,0.25815134030097747,0.25815134030097747
2011_09_26/2011_09_26_drive_0011_sync,iid_gaussian_noise,shuffled,1,1,8,16,0,0.75,1.0002929074614115,0.9941861466095122,0.2642516221596489,0.2642516221596489
2011_09_26/2011_09_26_drive_0011_sync,iid_gaussian_noise,shuffled,1,2,16,24,0,0.5625,0.9706278545449833,0.9777328846875548,0.2580798412381618,0.2580798412381618
2011_09_26/2011_09_26_drive_0011_sync,iid_gaussian_noise,shuffled,1,3,24,32,0,0.75,0.940913845869773,0.9404211019847376,0.2591745883350985,0.2591745883350985
2011_09_26/2011_09_26_drive_0011_sync,iid_gaussian_noise,shuffled,1,4,32,40,0,0.5,1.0238122352918904,1.0003251371017945,0.2908411775007157,0.2908411775007157
2011_09_26/2011_09_26_drive_0011_sync,iid_gaussian_noise,shuffled,1,5,40,48,0,0.6875,1.0106827263584093,1.0119127393900873,0.2920115227324749,0.2920115227324749
2011_09_26/2011_09_26_drive_0011_sync,iid_gaussian_noise,shuffled,1,6,48,56,0,0.71875,1.003705423576051,1.0010789480857263,0.3053306787041793,0.3053306787041793
2011_09_26/2011_09_26_drive_0011_sync,iid_gaussian_noise,shuffled,1,7,56,64,0,0.65625,1.0160932221297718,1.007029500791286,0.32370097931887504,0.32370097931887504
2011_09_26/2011_09_26_drive_0011_sync,iid_gaussian_noise,shuffled,1,8,64,72,0,0.53125,0.8918051039615795,0.9458708438615964,0.2857266104681221,0.2857266104681221
2011_09_26/2011_09_26_drive_0011_sync,iid_gaussian_noise,shuffled,1,9,72,80,0,0.625,0.8868762189878006,0.8905449724080408,0.2730223737088286,0.2730223737088286
2011_09_26/2011_09_26_drive_0011_sync,iid_gaussian_noise,shuffled,2,0,0,8,0,0.71875,0.9473751592276588,0.9366555436099866,0.2556636995302287,0.2556636995302287
2011_09_26/2011_09_26_drive_0011_sync,iid_gaussian_noise,shuffled,2,1,8,16,0,0.5,1.0231692782992683,0.9953546985222248,0.2718549465156764,0.2718549465156764
2011_09_26/2011_09_26_drive_0011_sync,iid_gaussian_noise,shuffled,2,2,16,24,0,0.5625,0.9460207851950323,0.9598865689911543,0.2547432324929735,0.2547432324929735
2011_09_26/2011_09_26_drive_0011_sync,iid_gaussian_noise,shuffled,2,3,24,32,0,0.75,0.9864083050868204,0.9703574345733229,0.26291413898499455,0.26291413898499455
2011_09_26/2011_09_26_drive_0011_sync,iid_gaussian_noise,shuffled,2,4,32,40,0,0.625,1.0363911559690395,1.0357554826844362,0.2855502468246702,0.2855502468246702
2011_09_26/2011_09_26_drive_0011_sync,iid_gaussian_noise,shuffled,2,5,40,48,0,0.5625,0.9885210997524079,1.0025437295481632,0.29354930186142647,0.29354930186142647
2011_09_26/2011_09_26_drive_0011_sync,iid_gaussian_noise,shuffled,2,6,48,56,0,0.71875,1.0324380047042137,1.0078569406221785,0.3077220359874541,0.3077220359874541
2011_09_26/2011_09_26_drive_0011_sync,iid_gaussian_noise,shuffled,2,7,56,64,0,0.53125,1.0441000216660576,1.0545662333469314,0.3269235243036661,0.3269235243036661
2011_09_26/2011_09_26_drive_0011_sync,iid_gaussian_noise,shuffled,2,8,64,72,0,0.53125,0.841417020910758,0.9139007146261866,0.28606938150791195,0.28606938150791195
2011_09_26/2011_09_26_drive_0011_sync,iid_gaussian_noise,shuffled,2,9,72,80,0,0.75,0.8704600407605803,0.8672402843474118,0.27252723093595055,0.27252723093595055
2011_09_26/2011_09_26_drive_0011_sync,iid_gaussian_noise,shuffled,3,0,0,8,0,0.71875,0.9780799177031986,0.9579644329378285,0.25704950173759356,0.25704950173759356
2011_09_26/2011_09_26_drive_0011_sync,iid_gaussian_noise,shuffled,3,1,8,16,0,0.5,0.9856050722529469,0.9841487079975841,0.26927933689729305,0.26927933689729305
2011_09_26/2011_09_26_drive_0011_sync,iid_gaussian_noise,shuffled,3,2,16,24,0,0.6875,0.9138434678976529,0.9325490391136082,0.25291891182737003,0.25291891182737003
2011_09_26/2011_09_26_drive_0011_sync,iid_gaussian_noise,shuffled,3,3,24,32,0,0.5,0.9857290069525236,0.9619854296427188,0.2707309978607657,0.2707309978607657
2011_09_26/2011_09_26_drive_0011_sync,iid_gaussian_noise,shuffled,3,4,32,40,0,0.75,1.0057708975785087,1.0025994156084415,0.28309390999630096,0.28309390999630096
2011_09_26/2011_09_26_drive_0011_sync,iid_gaussian_noise,shuffled,3,5,40,48,0,0.5625,0.9538665059224078,0.9674769142851356,0.29495752661191765,0.29495752661191765
2011_09_26/2011_09_26_drive_0011_sync,iid_gaussian_noise,shuffled,3,6,48,56,0,0.46875,1.0612588030963135,1.0125689432899152,0.3152965187862592,0.3152965187862592
2011_09_26/2011_09_26_drive_0011_sync,iid_gaussian_noise,shuffled,3,7,56,64,0,0.78125,0.9877086900639706,1.0263849584071054,0.3193963069797214,0.3193963069797214
2011_09_26/2011_09_26_drive_0011_sync,iid_gaussian_noise,shuffled,3,8,64,72,0,0.65625,0.866630305033474,0.9158090844906135,0.2822125072902395,0.2822125072902395
2011_09_26/2011_09_26_drive_0011_sync,iid_gaussian_noise,shuffled,3,9,72,80,0,0.625,0.903181248896581,0.8997224596928438,0.27580675030937646,0.27580675030937646
2011_09_26/2011_09_26_drive_0011_sync,rgb_bias_domain_proxy,persistent,0,0,0,8,1,0.25,0.8819887227110736,0.8961304158781553,0.2645043271984038,0.2645043271984038
2011_09_26/2011_09_26_drive_0011_sync,rgb_bias_domain_proxy,persistent,0,1,8,16,1,0.25,0.9734591630393465,0.9490000654576154,0.27763342429487725,0.27763342429487725
2011_09_26/2011_09_26_drive_0011_sync,rgb_bias_domain_proxy,persistent,0,2,16,24,1,0.375,0.8711844957529981,0.9043889115156332,0.27153191070862914,0.27153191070862914
2011_09_26/2011_09_26_drive_0011_sync,rgb_bias_domain_proxy,persistent,0,3,24,32,1,0.5,0.8981660721194754,0.888226348339418,0.28318418911360854,0.28318418911360854
2011_09_26/2011_09_26_drive_0011_sync,rgb_bias_domain_proxy,persistent,0,4,32,40,1,0.5,0.9540388831832933,0.9348883567515206,0.30436275115512673,0.30436275115512673
2011_09_26/2011_09_26_drive_0011_sync,rgb_bias_domain_proxy,persistent,0,5,40,48,1,0.75,0.8351282304385704,0.878817887843691,0.29720175229227297,0.29720175229227297
2011_09_26/2011_09_26_drive_0011_sync,rgb_bias_domain_proxy,persistent,0,6,48,56,1,0.75,0.9066996436417282,0.8763450926291695,0.31408803493505705,0.31408803493505705
2011_09_26/2011_09_26_drive_0011_sync,rgb_bias_domain_proxy,persistent,0,7,56,64,1,0.875,0.8924681849067329,0.9115981841579103,0.3231792897358793,0.3231792897358793
2011_09_26/2011_09_26_drive_0011_sync,rgb_bias_domain_proxy,persistent,0,8,64,72,1,1.0,0.7249851472340014,0.792593384586474,0.28588267381685667,0.28588267381685667
2011_09_26/2011_09_26_drive_0011_sync,rgb_bias_domain_proxy,persistent,0,9,72,80,1,1.0,0.7386091048580951,0.7270858863102996,0.28590647029690774,0.28590647029690774
2011_09_26/2011_09_26_drive_0011_sync,rgb_bias_domain_proxy,persistent,1,0,0,8,1,0.5,0.8846074230890875,0.8996205881796585,0.26430387290971546,0.26430387290971546
2011_09_26/2011_09_26_drive_0011_sync,rgb_bias_domain_proxy,persistent,1,1,8,16,1,0.5,0.9719406120085492,0.9473384234136296,0.27782939952052094,0.27782939952052094
2011_09_26/2011_09_26_drive_0011_sync,rgb_bias_domain_proxy,persistent,1,2,16,24,1,0.625,0.865843903608547,0.9004818654976698,0.2721670368856694,0.2721670368856694
2011_09_26/2011_09_26_drive_0011_sync,rgb_bias_domain_proxy,persistent,1,3,24,32,1,0.75,0.8915258166931785,0.8825195544959306,0.28313263137815636,0.28313263137815636
2011_09_26/2011_09_26_drive_0011_sync,rgb_bias_domain_proxy,persistent,1,4,32,40,1,0.75,0.9482051726720897,0.9282580483961225,0.30373442670772394,0.30373442670772394
2011_09_26/2011_09_26_drive_0011_sync,rgb_bias_domain_proxy,persistent,1,5,40,48,1,1.0,0.8214730390066979,0.8687132919578754,0.2914763972088073,0.2914763972088073
2011_09_26/2011_09_26_drive_0011_sync,rgb_bias_domain_proxy,persistent,1,6,48,56,1,1.0,0.8929410718856706,0.8631086492443718,0.3079692853473203,0.3079692853473203
2011_09_26/2011_09_26_drive_0011_sync,rgb_bias_domain_proxy,persistent,1,7,56,64,1,0.625,0.9176785514368445,0.9163352757347165,0.32322821701134286,0.32322821701134286
2011_09_26/2011_09_26_drive_0011_sync,rgb_bias_domain_proxy,persistent,1,8,64,72,1,0.25,0.7634054166521096,0.8289863394377905,0.293263792716155,0.293263792716155
2011_09_26/2011_09_26_drive_0011_sync,rgb_bias_domain_proxy,persistent,1,9,72,80,1,0.25,0.7718607130979551,0.7600106051803223,0.29618799499854187,0.29618799499854187
2011_09_26/2011_09_26_drive_0011_sync,rgb_bias_domain_proxy,persistent,2,0,0,8,1,0.75,0.8877051047195282,0.9038647388300123,0.26536305283935824,0.26536305283935824
2011_09_26/2011_09_26_drive_0011_sync,rgb_bias_domain_proxy,persistent,2,1,8,16,1,0.75,0.9686520130115092,0.9448198172305382,0.2783840208141374,0.2783840208141374
2011_09_26/2011_09_26_drive_0011_sync,rgb_bias_domain_proxy,persistent,2,2,16,24,1,0.875,0.8574138092781622,0.8937185247135098,0.27137194774985696,0.27137194774985696
2011_09_26/2011_09_26_drive_0011_sync,rgb_bias_domain_proxy,persistent,2,3,24,32,1,1.0,0.8832905428495444,0.8746671955495274,0.2801422924986176,0.2801422924986176
2011_09_26/2011_09_26_drive_0011_sync,rgb_bias_domain_proxy,persistent,2,4,32,40,1,1.0,0.9415987985332929,0.9208423533661823,0.29960968792515996,0.29960968792515996
2011_09_26/2011_09_26_drive_0011_sync,rgb_bias_domain_proxy,persistent,2,5,40,48,1,0.25,0.8695207135560111,0.8970682719278013,0.29966453529859294,0.29966453529859294
2011_09_26/2011_09_26_drive_0011_sync,rgb_bias_domain_proxy,persistent,2,6,48,56,1,0.25,0.9315755805007506,0.9004724753829314,0.318971158619728,0.318971158619728
2011_09_26/2011_09_26_drive_0011_sync,rgb_bias_domain_proxy,persistent,2,7,56,64,1,0.375,0.925084829611587,0.9410909830104276,0.3339172522910498,0.3339172522910498
2011_09_26/2011_09_26_drive_0011_sync,rgb_bias_domain_proxy,persistent,2,8,64,72,1,0.5,0.7500995986780655,0.8207052803344499,0.29305368432489415,0.29305368432489415
2011_09_26/2011_09_26_drive_0011_sync,rgb_bias_domain_proxy,persistent,2,9,72,80,1,0.5,0.7603510196452654,0.7496495024126734,0.29466822508023155,0.29466822508023155
2011_09_26/2011_09_26_drive_0011_sync,rgb_bias_domain_proxy,persistent,3,0,0,8,1,1.0,0.8920988532750005,0.9090285087045668,0.26593282934688545,0.26593282934688545
2011_09_26/2011_09_26_drive_0011_sync,rgb_bias_domain_proxy,persistent,3,1,8,16,1,1.0,0.9638321334729465,0.9418704407247206,0.2768571016756777,0.2768571016756777
2011_09_26/2011_09_26_drive_0011_sync,rgb_bias_domain_proxy,persistent,3,2,16,24,1,0.625,0.8795920003290982,0.9025434024343184,0.2731215084923345,0.2731215084923345
2011_09_26/2011_09_26_drive_0011_sync,rgb_bias_domain_proxy,persistent,3,3,24,32,1,0.25,0.9027466423345125,0.8945760959188178,0.28239094337766335,0.28239094337766335
2011_09_26/2011_09_26_drive_0011_sync,rgb_bias_domain_proxy,persistent,3,4,32,40,1,0.25,0.9602481481598989,0.9416420332683093,0.30307383912772734,0.30307383912772734
2011_09_26/2011_09_26_drive_0011_sync,rgb_bias_domain_proxy,persistent,3,5,40,48,1,0.5,0.8497160318885001,0.8899835030261324,0.2997340102430369,0.2997340102430369
2011_09_26/2011_09_26_drive_0011_sync,rgb_bias_domain_proxy,persistent,3,6,48,56,1,0.5,0.9198660728959899,0.889282397919357,0.3178075543544456,0.3178075543544456
2011_09_26/2011_09_26_drive_0011_sync,rgb_bias_domain_proxy,persistent,3,7,56,64,1,0.625,0.9090309490505418,0.9270396430054076,0.3294744486796036,0.3294744486796036
2011_09_26/2011_09_26_drive_0011_sync,rgb_bias_domain_proxy,persistent,3,8,64,72,1,0.75,0.7374899317487593,0.8065525995899584,0.29043443143643277,0.29043443143643277
2011_09_26/2011_09_26_drive_0011_sync,rgb_bias_domain_proxy,persistent,3,9,72,80,1,0.75,0.7507223335225822,0.7390591924432038,0.2915336621418689,0.2915336621418689
2011_09_26/2011_09_26_drive_0011_sync,rgb_bias_domain_proxy,shuffled,0,0,0,8,0,0.59375,0.9758400569108868,0.9561597324506286,0.26560061377708943,0.26560061377708943
2011_09_26/2011_09_26_drive_0011_sync,rgb_bias_domain_proxy,shuffled,0,1,8,16,0,0.75,0.9866791951750691,0.9868436538736844,0.278435006762628,0.278435006762628
2011_09_26/2011_09_26_drive_0011_sync,rgb_bias_domain_proxy,shuffled,0,2,16,24,0,0.6875,0.9490701069589517,0.9579445114682533,0.2718900913502943,0.2718900913502943
2011_09_26/2011_09_26_drive_0011_sync,rgb_bias_domain_proxy,shuffled,0,3,24,32,0,0.5,0.9408466390798952,0.9399128447018388,0.2834394783528218,0.2834394783528218
2011_09_26/2011_09_26_drive_0011_sync,rgb_bias_domain_proxy,shuffled,0,4,32,40,0,0.625,1.0369776262960502,1.0005429410051327,0.30317957371987336,0.30317957371987336
2011_09_26/2011_09_26_drive_0011_sync,rgb_bias_domain_proxy,shuffled,0,5,40,48,0,0.6875,0.8682212085927127,0.9276729361833804,0.29586770319971917,0.29586770319971917
2011_09_26/2011_09_26_drive_0011_sync,rgb_bias_domain_proxy,shuffled,0,6,48,56,0,0.59375,0.9462457441087132,0.9188816317330625,0.3155029240802474,0.3155029240802474
2011_09_26/2011_09_26_drive_0011_sync,rgb_bias_domain_proxy,shuffled,0,7,56,64,0,0.53125,0.9599604594185082,0.9692153758620483,0.33011346717106116,0.33011346717106116
2011_09_26/2011_09_26_drive_0011_sync,rgb_bias_domain_proxy,shuffled,0,8,64,72,0,0.78125,0.7760346354128497,0.851183042102705,0.289485218800204,0.289485218800204
2011_09_26/2011_09_26_drive_0011_sync,rgb_bias_domain_proxy,shuffled,0,9,72,80,0,0.5,0.8037308178127381,0.7920760328656777,0.2921460912350162,0.2921460912350162
2011_09_26/2011_09_26_drive_0011_sync,rgb_bias_domain_proxy,shuffled,1,0,0,8,0,0.46875,0.9236245103725941,0.9172428847769771,0.26531548043193875,0.26531548043193875
2011_09_26/2011_09_26_drive_0011_sync,rgb_bias_domain_proxy,shuffled,1,1,8,16,0,0.75,1.0046175210809483,0.9914634886105504,0.2793075024802809,0.2793075024802809
2011_09_26/2011_09_26_drive_0011_sync,rgb_bias_domain_proxy,shuffled,1,2,16,24,0,0.5625,0.9423817970526602,0.9611187270267938,0.27243412327785826,0.27243412327785826
2011_09_26/2011_09_26_drive_0011_sync,rgb_bias_domain_proxy,shuffled,1,3,24,32,0,0.75,0.9180055369870949,0.9201925344221054,0.2824849736263578,0.2824849736263578
2011_09_26/2011_09_26_drive_0011_sync,rgb_bias_domain_proxy,shuffled,1,4,32,40,0,0.5,0.9873158433550201,0.964170457325247,0.3028629237523653,0.3028629237523653
2011_09_26/2011_09_26_drive_0011_sync,rgb_bias_domain_proxy,shuffled,1,5,40,48,0,0.6875,0.9026800029057198,0.9322847614136777,0.2958733793558098,0.2958733793558098
2011_09_26/2011_09_26_drive_0011_sync,rgb_bias_domain_proxy,shuffled,1,6,48,56,0,0.71875,0.9482189280807107,0.9274039097830725,0.3134677880950538,0.3134677880950538
2011_09_26/2011_09_26_drive_0011_sync,rgb_bias_domain_proxy,shuffled,1,7,56,64,0,0.65625,0.9447870836142345,0.9509405024020534,0.3258109454782401,0.3258109454782401
2011_09_26/2011_09_26_drive_0011_sync,rgb_bias_domain_proxy,shuffled,1,8,64,72,0,0.53125,0.8123450105049579,0.8678476086527354,0.2909413448300769,0.2909413448300769
2011_09_26/2011_09_26_drive_0011_sync,rgb_bias_domain_proxy,shuffled,1,9,72,80,0,0.625,0.806845823260693,0.8036680758859303,0.2920316553380886,0.2920316553380886
2011_09_26/2011_09_26_drive_0011_sync,rgb_bias_domain_proxy,shuffled,2,0,0,8,0,0.71875,0.9144037929593358,0.9146723863394862,0.26571471404280467,0.26571471404280467
2011_09_26/2011_09_26_drive_0011_sync,rgb_bias_domain_proxy,shuffled,2,1,8,16,0,0.5,1.0214088056102821,0.9871690062072871,0.27975391426593005,0.27975391426593005
2011_09_26/2011_09_26_drive_0011_sync,rgb_bias_domain_proxy,shuffled,2,2,16,24,0,0.5625,0.9301725636501914,0.9505356202522056,0.27221314354945025,0.27221314354945025
2011_09_26/2011_09_26_drive_0011_sync,rgb_bias_domain_proxy,shuffled,2,3,24,32,0,0.75,0.9447436892023989,0.941747902346884,0.2830538309135399,0.2830538309135399
2011_09_26/2011_09_26_drive_0011_sync,rgb_bias_domain_proxy,shuffled,2,4,32,40,0,0.625,1.0013191081067199,0.9914130456734517,0.3032709978313754,0.3032709978313754
2011_09_26/2011_09_26_drive_0011_sync,rgb_bias_domain_proxy,shuffled,2,5,40,48,0,0.5625,0.8962976074333142,0.9333306283178706,0.2975667722763704,0.2975667722763704
2011_09_26/2011_09_26_drive_0011_sync,rgb_bias_domain_proxy,shuffled,2,6,48,56,0,0.71875,0.9568427015986067,0.9265623374798525,0.3131871001366384,0.3131871001366384
2011_09_26/2011_09_26_drive_0011_sync,rgb_bias_domain_proxy,shuffled,2,7,56,64,0,0.53125,0.9637026418631625,0.9773831910988776,0.32752444641811407,0.32752444641811407
2011_09_26/2011_09_26_drive_0011_sync,rgb_bias_domain_proxy,shuffled,2,8,64,72,0,0.53125,0.771666301631637,0.8479557521539458,0.29253549491814124,0.29253549491814124
2011_09_26/2011_09_26_drive_0011_sync,rgb_bias_domain_proxy,shuffled,2,9,72,80,0,0.75,0.7958531212321651,0.7834963573030812,0.2915268378708651,0.2915268378708651
2011_09_26/2011_09_26_drive_0011_sync,rgb_bias_domain_proxy,shuffled,3,0,0,8,0,0.71875,0.9404873870177657,0.9344506106168489,0.26664798197520745,0.26664798197520745
2011_09_26/2011_09_26_drive_0011_sync,rgb_bias_domain_proxy,shuffled,3,1,8,16,0,0.5,0.9942519117956633,0.9798697022804413,0.27828467523701794,0.27828467523701794
2011_09_26/2011_09_26_drive_0011_sync,rgb_bias_domain_proxy,shuffled,3,2,16,24,0,0.6875,0.905659528354467,0.9308191635570993,0.2727747759395282,0.2727747759395282
2011_09_26/2011_09_26_drive_0011_sync,rgb_bias_domain_proxy,shuffled,3,3,24,32,0,0.5,0.948714485319942,0.9356694983360121,0.2833962455842328,0.2833962455842328
2011_09_26/2011_09_26_drive_0011_sync,rgb_bias_domain_proxy,shuffled,3,4,32,40,0,0.75,0.9830350359191826,0.9727831333896264,0.30350609348708246,0.30350609348708246
2011_09_26/2011_09_26_drive_0011_sync,rgb_bias_domain_proxy,shuffled,3,5,40,48,0,0.5625,0.8793188786160956,0.9156320669321635,0.29839262605649725,0.29839262605649725
2011_09_26/2011_09_26_drive_0011_sync,rgb_bias_domain_proxy,shuffled,3,6,48,56,0,0.46875,0.9779178087433007,0.9344618673296698,0.31713665825928444,0.31713665825928444
2011_09_26/2011_09_26_drive_0011_sync,rgb_bias_domain_proxy,shuffled,3,7,56,64,0,0.78125,0.9231810088814743,0.9569968574402212,0.32394131979407864,0.32394131979407864
2011_09_26/2011_09_26_drive_0011_sync,rgb_bias_domain_proxy,shuffled,3,8,64,72,0,0.65625,0.7881941656907172,0.844013984713087,0.2893275661251462,0.2893275661251462
2011_09_26/2011_09_26_drive_0011_sync,rgb_bias_domain_proxy,shuffled,3,9,72,80,0,0.625,0.8213739803269235,0.8073068458081788,0.29065575377715347,0.29065575377715347
2011_09_26/2011_09_26_drive_0039_sync,gaussian_blur,persistent,0,0,0,8,1,0.25,0.9031828521489703,0.9328344135777704,0.32721643210227314,0.32721643210227314
2011_09_26/2011_09_26_drive_0039_sync,gaussian_blur,persistent,0,1,8,16,1,0.25,0.902663188212617,0.9084237944460235,0.3355107355883666,0.3355107355883666
2011_09_26/2011_09_26_drive_0039_sync,gaussian_blur,persistent,0,2,16,24,1,0.375,0.8721828440435991,0.9003198771715198,0.3166768614842457,0.3166768614842457
2011_09_26/2011_09_26_drive_0039_sync,gaussian_blur,persistent,0,3,24,32,1,0.5,0.6590422643322382,0.74202618130052,0.2860455261194459,0.2860455261194459
2011_09_26/2011_09_26_drive_0039_sync,gaussian_blur,persistent,0,4,32,40,1,0.5,0.6892356682522145,0.6915281917069728,0.289240484566556,0.289240484566556
2011_09_26/2011_09_26_drive_0039_sync,gaussian_blur,persistent,0,5,40,48,1,0.75,0.6396831917988186,0.6573641257963254,0.2608825315622821,0.2608825315622821
2011_09_26/2011_09_26_drive_0039_sync,gaussian_blur,persistent,0,6,48,56,1,0.75,0.6570476013493165,0.6551020611372157,0.26010352739667103,0.26010352739667103
2011_09_26/2011_09_26_drive_0039_sync,gaussian_blur,persistent,0,7,56,64,1,0.875,0.6101717475983006,0.6295118300008569,0.2674038105018004,0.2674038105018004
2011_09_26/2011_09_26_drive_0039_sync,gaussian_blur,persistent,0,8,64,72,1,1.0,0.6281338617961856,0.6208993732217729,0.27839674902823447,0.27839674902823447
2011_09_26/2011_09_26_drive_0039_sync,gaussian_blur,persistent,0,9,72,80,1,1.0,0.6389915793791154,0.6312355356141416,0.2869721672467237,0.2869721672467237
2011_09_26/2011_09_26_drive_0039_sync,gaussian_blur,persistent,1,0,0,8,1,0.5,0.7787315087334513,0.8774840602128887,0.2936942679545761,0.2936942679545761
2011_09_26/2011_09_26_drive_0039_sync,gaussian_blur,persistent,1,1,8,16,1,0.5,0.7326876732892235,0.7497295841513748,0.30065272152580746,0.30065272152580746
2011_09_26/2011_09_26_drive_0039_sync,gaussian_blur,persistent,1,2,16,24,1,0.625,0.7135214709805419,0.7305255545039355,0.2909701878001966,0.2909701878001966
2011_09_26/2011_09_26_drive_0039_sync,gaussian_blur,persistent,1,3,24,32,1,0.75,0.5815920056951438,0.6362833481635769,0.27826508417365337,0.27826508417365337
2011_09_26/2011_09_26_drive_0039_sync,gaussian_blur,persistent,1,4,32,40,1,0.75,0.611394708362735,0.6108894759933361,0.28345072459217074,0.28345072459217074
2011_09_26/2011_09_26_drive_0039_sync,gaussian_blur,persistent,1,5,40,48,1,1.0,0.5841800939644681,0.5903219535808576,0.26203066580979995,0.26203066580979995
2011_09_26/2011_09_26_drive_0039_sync,gaussian_blur,persistent,1,6,48,56,1,1.0,0.6007321314607128,0.5986499567176735,0.2542471834609133,0.2542471834609133
2011_09_26/2011_09_26_drive_0039_sync,gaussian_blur,persistent,1,7,56,64,1,0.625,0.8077666318872517,0.6897605314780646,0.3027270136104543,0.3027270136104543
2011_09_26/2011_09_26_drive_0039_sync,gaussian_blur,persistent,1,8,64,72,1,0.25,1.0055473256242322,0.9452357717955593,0.3633541252723507,0.3633541252723507
2011_09_26/2011_09_26_drive_0039_sync,gaussian_blur,persistent,1,9,72,80,1,0.25,0.9799303703954529,0.969899808163929,0.36113684804999774,0.36113684804999774
2011_09_26/2011_09_26_drive_0039_sync,gaussian_blur,persistent,2,0,0,8,1,0.75,0.7240831407160521,0.8526784788997193,0.283391048760569,0.283391048760569
2011_09_26/2011_09_26_drive_0039_sync,gaussian_blur,persistent,2,1,8,16,1,0.75,0.6399910959613524,0.6704714290840728,0.29219312345400295,0.29219312345400295
2011_09_26/2011_09_26_drive_0039_sync,gaussian_blur,persistent,2,2,16,24,1,0.875,0.6370425619121067,0.6454407748365106,0.2886457450007705,0.2886457450007705
2011_09_26/2011_09_26_drive_0039_sync,gaussian_blur,persistent,2,3,24,32,1,1.0,0.5435849407432963,0.5845744476289335,0.2778953746869655,0.2778953746869655
2011_09_26/2011_09_26_drive_0039_sync,gaussian_blur,persistent,2,4,32,40,1,1.0,0.5770228221303064,0.5722547866192073,0.2822113656809872,0.2822113656809872
2011_09_26/2011_09_26_drive_0039_sync,gaussian_blur,persistent,2,5,40,48,1,0.25,0.9542067854978835,0.8017290195373059,0.3257308506898875,0.3257308506898875
2011_09_26/2011_09_26_drive_0039_sync,gaussian_blur,persistent,2,6,48,56,1,0.25,0.9954630185359016,0.9572447951205317,0.33644034489164054,0.33644034489164054
2011_09_26/2011_09_26_drive_0039_sync,gaussian_blur,persistent,2,7,56,64,1,0.375,0.8572521827558137,0.9151875531141225,0.31236960655220314,0.31236960655220314
2011_09_26/2011_09_26_drive_0039_sync,gaussian_blur,persistent,2,8,64,72,1,0.5,0.8101770062429804,0.8273604353923532,0.3202378971519692,0.3202378971519692
2011_09_26/2011_09_26_drive_0039_sync,gaussian_blur,persistent,2,9,72,80,1,0.5,0.7953117290482591,0.7995848075979851,0.32385391251615603,0.32385391251615603
2011_09_26/2011_09_26_drive_0039_sync,gaussian_blur,persistent,3,0,0,8,1,1.0,0.6935922119499586,0.837716106129057,0.27584549818158627,0.27584549818158627
2011_09_26/2011_09_26_drive_0039_sync,gaussian_blur,persistent,3,1,8,16,1,1.0,0.594221522889525,0.6303506901255724,0.28339105001842424,0.28339105001842424
2011_09_26/2011_09_26_drive_0039_sync,gaussian_blur,persistent,3,2,16,24,1,0.625,0.8447328782639977,0.7136613292412654,0.322010337918729,0.322010337918729
2011_09_26/2011_09_26_drive_0039_sync,gaussian_blur,persistent,3,3,24,32,1,0.25,0.8169619278158871,0.8532265175490567,0.32573430607072035,0.32573430607072035
2011_09_26/2011_09_26_drive_0039_sync,gaussian_blur,persistent,3,4,32,40,1,0.25,0.8356406050839198,0.83203940242567,0.31910906758159946,0.31910906758159946
2011_09_26/2011_09_26_drive_0039_sync,gaussian_blur,persistent,3,5,40,48,1,0.5,0.7457919400173381,0.7775548626763692,0.27637811716896865,0.27637811716896865
2011_09_26/2011_09_26_drive_0039_sync,gaussian_blur,persistent,3,6,48,56,1,0.5,0.7816286952098573,0.7747125394275458,0.2850188699147623,0.2850188699147623
2011_09_26/2011_09_26_drive_0039_sync,gaussian_blur,persistent,3,7,56,64,1,0.625,0.6978200783813907,0.7342646797426101,0.28266878086563757,0.28266878086563757
2011_09_26/2011_09_26_drive_0039_sync,gaussian_blur,persistent,3,8,64,72,1,0.75,0.6928275850205262,0.6951560209923311,0.29417637044052813,0.29417637044052813
2011_09_26/2011_09_26_drive_0039_sync,gaussian_blur,persistent,3,9,72,80,1,0.75,0.6942692829657064,0.690789239386154,0.300757914645035,0.300757914645035
2011_09_26/2011_09_26_drive_0039_sync,gaussian_blur,shuffled,0,0,0,8,0,0.59375,1.0745686920925692,1.0596884295633673,0.2954419119523811,0.2954419119523811
2011_09_26/2011_09_26_drive_0039_sync,gaussian_blur,shuffled,0,1,8,16,0,0.75,0.714366524995501,0.8352844909354573,0.2843976684941985,0.2843976684941985
2011_09_26/2011_09_26_drive_0039_sync,gaussian_blur,shuffled,0,2,16,24,0,0.6875,0.983689964344153,0.8948775599124748,0.2959561036486718,0.2959561036486718
2011_09_26/2011_09_26_drive_0039_sync,gaussian_blur,shuffled,0,3,24,32,0,0.5,0.8938929199842921,0.9090643327454719,0.29177069308205744,0.29177069308205744
2011_09_26/2011_09_26_drive_0039_sync,gaussian_blur,shuffled,0,4,32,40,0,0.625,1.0763481628669558,1.0071954690669755,0.2876664005455891,0.2876664005455891
2011_09_26/2011_09_26_drive_0039_sync,gaussian_blur,shuffled,0,5,40,48,0,0.6875,0.8310044399335902,0.8919782172148584,0.2735154679702554,0.2735154679702554
2011_09_26/2011_09_26_drive_0039_sync,gaussian_blur,shuffled,0,6,48,56,0,0.59375,0.9167502604674459,0.9141394130340481,0.2802237751965399,0.2802237751965399
2011_09_26/2011_09_26_drive_0039_sync,gaussian_blur,shuffled,0,7,56,64,0,0.53125,1.0054029951500245,0.9862031826357193,0.29489504214596396,0.29489504214596396
2011_09_26/2011_09_26_drive_0039_sync,gaussian_blur,shuffled,0,8,64,72,0,0.78125,0.8476747357328099,0.9093167518635855,0.2898205882942348,0.2898205882942348
2011_09_26/2011_09_26_drive_0039_sync,gaussian_blur,shuffled,0,9,72,80,0,0.5,1.0224928465085148,0.9811435668918539,0.3227199060672768,0.3227199060672768
2011_09_26/2011_09_26_drive_0039_sync,gaussian_blur,shuffled,1,0,0,8,0,0.46875,0.9613813852647811,0.9643321386676935,0.29794939944647425,0.29794939944647425
2011_09_26/2011_09_26_drive_0039_sync,gaussian_blur,shuffled,1,1,8,16,0,0.75,0.8094377580246409,0.9152354861452581,0.28993143475222455,0.28993143475222455
2011_09_26/2011_09_26_drive_0039_sync,gaussian_blur,shuffled,1,2,16,24,0,0.5625,1.0484396998536647,0.9569203398422903,0.3041192050280951,0.3041192050280951
2011_09_26/2011_09_26_drive_0039_sync,gaussian_blur,shuffled,1,3,24,32,0,0.75,0.6970554992096112,0.797831527353656,0.27315510433732004,0.27315510433732004
2011_09_26/2011_09_26_drive_0039_sync,gaussian_blur,shuffled,1,4,32,40,0,0.5,0.9417763731862676,0.8616734729599508,0.29617294322525856,0.29617294322525856
2011_09_26/2011_09_26_drive_0039_sync,gaussian_blur,shuffled,1,5,40,48,0,0.6875,0.9540114677072785,0.9358220992778753,0.27367288015261587,0.27367288015261587
2011_09_26/2011_09_26_drive_0039_sync,gaussian_blur,shuffled,1,6,48,56,0,0.71875,0.8831729637309704,0.9240822084759954,0.2666207367271905,0.2666207367271905
2011_09_26/2011_09_26_drive_0039_sync,gaussian_blur,shuffled,1,7,56,64,0,0.65625,0.8843377534316974,0.8439284580314619,0.28292290678290427,0.28292290678290427
2011_09_26/2011_09_26_drive_0039_sync,gaussian_blur,shuffled,1,8,64,72,0,0.53125,1.0839348234612745,1.0163750021563753,0.3241358561607933,0.3241358561607933
2011_09_26/2011_09_26_drive_0039_sync,gaussian_blur,shuffled,1,9,72,80,0,0.625,0.9578734418331379,1.0091334815431823,0.3065440967395805,0.3065440967395805
2011_09_26/2011_09_26_drive_0039_sync,gaussian_blur,shuffled,2,0,0,8,0,0.71875,0.8056805494723255,0.8924972882391611,0.2808097822912444,0.2808097822912444
2011_09_26/2011_09_26_drive_0039_sync,gaussian_blur,shuffled,2,1,8,16,0,0.5,0.9707957570743818,0.8919562427810921,0.3092375163674066,0.3092375163674066
2011_09_26/2011_09_26_drive_0039_sync,gaussian_blur,shuffled,2,2,16,24,0,0.5625,0.9574532940810403,0.954422249442354,0.2957126415479365,0.2957126415479365
2011_09_26/2011_09_26_drive_0039_sync,gaussian_blur,shuffled,2,3,24,32,0,0.75,0.8568235024902144,0.8701656065456113,0.2830287445472255,0.2830287445472255
2011_09_26/2011_09_26_drive_0039_sync,gaussian_blur,shuffled,2,4,32,40,0,0.625,0.9192043663912444,0.9513370495825301,0.2828082351511506,0.2828082351511506
2011_09_26/2011_09_26_drive_0039_sync,gaussian_blur,shuffled,2,5,40,48,0,0.5625,0.9908601330119139,0.9621440883723461,0.2842400781807867,0.2842400781807867
2011_09_26/2011_09_26_drive_0039_sync,gaussian_blur,shuffled,2,6,48,56,0,0.71875,0.9657754784182265,0.9510687217862879,0.27211672656596897,0.27211672656596897
2011_09_26/2011_09_26_drive_0039_sync,gaussian_blur,shuffled,2,7,56,64,0,0.53125,1.0097120344638524,0.9945325460651215,0.2950113293581863,0.2950113293581863
2011_09_26/2011_09_26_drive_0039_sync,gaussian_blur,shuffled,2,8,64,72,0,0.53125,0.9211914664702635,0.9525373236631747,0.31789804090965373,0.31789804090965373
2011_09_26/2011_09_26_drive_0039_sync,gaussian_blur,shuffled,2,9,72,80,0,0.75,0.8973681086261031,0.9240214102354847,0.29715615218979075,0.29715615218979075
2011_09_26/2011_09_26_drive_0039_sync,gaussian_blur,shuffled,3,0,0,8,0,0.71875,0.9413404659713781,0.9725334337203413,0.2881018909938961,0.2881018909938961
2011_09_26/2011_09_26_drive_0039_sync,gaussian_blur,shuffled,3,1,8,16,0,0.5,0.8762346404812674,0.8941008900107122,0.30303440126347836,0.30303440126347836
2011_09_26/2011_09_26_drive_0039_sync,gaussian_blur,shuffled,3,2,16,24,0,0.6875,0.8370141930972631,0.8324941397856698,0.2901167670495672,0.2901167670495672
2011_09_26/2011_09_26_drive_0039_sync,gaussian_blur,shuffled,3,3,24,32,0,0.5,0.8960890657529561,0.9066117509695225,0.2969945573176306,0.2969945573176306
2011_09_26/2011_09_26_drive_0039_sync,gaussian_blur,shuffled,3,4,32,40,0,0.75,0.7969633576696621,0.8528275452951541,0.275973603983465,0.275973603983465
2011_09_26/2011_09_26_drive_0039_sync,gaussian_blur,shuffled,3,5,40,48,0,0.5625,0.9196930485776601,0.8618511408016108,0.27934988668421773,0.27934988668421773
2011_09_26/2011_09_26_drive_0039_sync,gaussian_blur,shuffled,3,6,48,56,0,0.46875,1.111421560501033,1.021152679780207,0.3015388631395276,0.3015388631395276
2011_09_26/2011_09_26_drive_0039_sync,gaussian_blur,shuffled,3,7,56,64,0,0.78125,0.7910332493299702,0.9031973378151315,0.2693270833986156,0.2693270833986156
2011_09_26/2011_09_26_drive_0039_sync,gaussian_blur,shuffled,3,8,64,72,0,0.65625,0.8986033552451609,0.8649628470159918,0.3019670704971904,0.3019670704971904
2011_09_26/2011_09_26_drive_0039_sync,gaussian_blur,shuffled,3,9,72,80,0,0.625,1.0240756351329354,0.9725950474162717,0.31210180479160193,0.31210180479160193
2011_09_26/2011_09_26_drive_0039_sync,iid_gaussian_noise,persistent,0,0,0,8,1,0.25,1.0746560325915744,1.0281213813531191,0.372706865513803,0.372706865513803
2011_09_26/2011_09_26_drive_0039_sync,iid_gaussian_noise,persistent,0,1,8,16,1,0.25,1.0841606570218487,1.0798626670357405,0.3807889546215185,0.3807889546215185
2011_09_26/2011_09_26_drive_0039_sync,iid_gaussian_noise,persistent,0,2,16,24,1,0.375,1.086645750326754,1.0874616667964427,0.3668258943880168,0.3668258943880168
2011_09_26/2011_09_26_drive_0039_sync,iid_gaussian_noise,persistent,0,3,24,32,1,0.5,0.930870895344048,1.0039180719534604,0.33753499890445954,0.33753499890445954
2011_09_26/2011_09_26_drive_0039_sync,iid_gaussian_noise,persistent,0,4,32,40,1,0.5,0.9783110057601775,0.9672087807202774,0.33525954988106677,0.33525954988106677
2011_09_26/2011_09_26_drive_0039_sync,iid_gaussian_noise,persistent,0,5,40,48,1,0.75,0.9942849254069122,0.9756881599067065,0.315652329145022,0.315652329145022
2011_09_26/2011_09_26_drive_0039_sync,iid_gaussian_noise,persistent,0,6,48,56,1,0.75,1.082984068024901,1.0553105831122553,0.33377081203994435,0.33377081203994435
2011_09_26/2011_09_26_drive_0039_sync,iid_gaussian_noise,persistent,0,7,56,64,1,0.875,0.9968500067791634,1.025181992017407,0.3231031469407129,0.3231031469407129
2011_09_26/2011_09_26_drive_0039_sync,iid_gaussian_noise,persistent,0,8,64,72,1,1.0,1.0130106994734245,1.0143466320299757,0.3211203164510857,0.3211203164510857
2011_09_26/2011_09_26_drive_0039_sync,iid_gaussian_noise,persistent,0,9,72,80,1,1.0,1.0295126906853824,1.014516583201314,0.32884981149690273,0.32884981149690273
2011_09_26/2011_09_26_drive_0039_sync,iid_gaussian_noise,persistent,1,0,0,8,1,0.5,1.0443306128830043,1.0190242976855057,0.3494282709182495,0.3494282709182495
2011_09_26/2011_09_26_drive_0039_sync,iid_gaussian_noise,persistent,1,1,8,16,1,0.5,1.0338520791190737,1.0335062712042333,0.35908641187151447,0.35908641187151447
2011_09_26/2011_09_26_drive_0039_sync,iid_gaussian_noise,persistent,1,2,16,24,1,0.625,1.0253536308266198,1.030747249925007,0.34424084636943497,0.34424084636943497
2011_09_26/2011_09_26_drive_0039_sync,iid_gaussian_noise,persistent,1,3,24,32,1,0.75,0.9031896159600319,0.9597736401757082,0.3157496753151278,0.3157496753151278
2011_09_26/2011_09_26_drive_0039_sync,iid_gaussian_noise,persistent,1,4,32,40,1,0.75,0.9502351894498707,0.9383070179162172,0.3172865847828463,0.3172865847828463
2011_09_26/2011_09_26_drive_0039_sync,iid_gaussian_noise,persistent,1,5,40,48,1,1.0,0.9592678825891162,0.9449281065818702,0.3013992292482584,0.3013992292482584
2011_09_26/2011_09_26_drive_0039_sync,iid_gaussian_noise,persistent,1,6,48,56,1,1.0,1.044084780153841,1.0174130692087493,0.3186477377885989,0.3186477377885989
2011_09_26/2011_09_26_drive_0039_sync,iid_gaussian_noise,persistent,1,7,56,64,1,0.625,1.0776290606955141,1.0451716653846932,0.34498272854982037,0.34498272854982037
2011_09_26/2011_09_26_drive_0039_sync,iid_gaussian_noise,persistent,1,8,64,72,1,0.25,1.1909811861235762,1.1605157631953673,0.3972031458738192,0.3972031458738192
2011_09_26/2011_09_26_drive_0039_sync,iid_gaussian_noise,persistent,1,9,72,80,1,0.25,1.163351842347065,1.155879353801422,0.3940744583303419,0.3940744583303419
2011_09_26/2011_09_26_drive_0039_sync,iid_gaussian_noise,persistent,2,0,0,8,1,0.75,1.019040477013994,1.0104662764423864,0.3306137291174484,0.3306137291174484
2011_09_26/2011_09_26_drive_0039_sync,iid_gaussian_noise,persistent,2,1,8,16,1,0.75,0.9892779203671179,0.9949190520561386,0.33894781602387625,0.33894781602387625
2011_09_26/2011_09_26_drive_0039_sync,iid_gaussian_noise,persistent,2,2,16,24,1,0.875,0.9772717840554727,0.9831505180626099,0.3258197730672284,0.3258197730672284
2011_09_26/2011_09_26_drive_0039_sync,iid_gaussian_noise,persistent,2,3,24,32,1,1.0,0.8814757084998176,0.9264827107197066,0.2999613196854776,0.2999613196854776
2011_09_26/2011_09_26_drive_0039_sync,iid_gaussian_noise,persistent,2,4,32,40,1,1.0,0.924351106922352,0.9128975022152379,0.3031323695406894,0.3031323695406894
2011_09_26/2011_09_26_drive_0039_sync,iid_gaussian_noise,persistent,2,5,40,48,1,0.25,1.1307571822616689,1.0403680943605982,0.3600262568459058,0.3600262568459058
2011_09_26/2011_09_26_drive_0039_sync,iid_gaussian_noise,persistent,2,6,48,56,1,0.25,1.2054050049029275,1.1720254289402787,0.37859379518099234,0.37859379518099234
2011_09_26/2011_09_26_drive_0039_sync,iid_gaussian_noise,persistent,2,7,56,64,1,0.375,1.0766018773167274,1.1192922284924331,0.3616774226391383,0.3616774226391383
2011_09_26/2011_09_26_drive_0039_sync,iid_gaussian_noise,persistent,2,8,64,72,1,0.5,1.1216440327545352,1.114501328342769,0.370479318266001,0.370479318266001
2011_09_26/2011_09_26_drive_0039_sync,iid_gaussian_noise,persistent,2,9,72,80,1,0.5,1.1056538235008617,1.0989445943303724,0.36954667809392805,0.36954667809392805
2011_09_26/2011_09_26_drive_0039_sync,iid_gaussian_noise,persistent,3,0,0,8,1,1.0,1.0002325360100532,1.0042866989428458,0.31701898941662376,0.31701898941662376
2011_09_26/2011_09_26_drive_0039_sync,iid_gaussian_noise,persistent,3,1,8,16,1,1.0,0.9546763736371316,0.9647504454642712,0.32209791969873863,0.32209791969873863
2011_09_26/2011_09_26_drive_0039_sync,iid_gaussian_noise,persistent,3,2,16,24,1,0.625,1.088737228717607,1.0128317400459683,0.35182662579250384,0.35182662579250384
2011_09_26/2011_09_26_drive_0039_sync,iid_gaussian_noise,persistent,3,3,24,32,1,0.25,0.9648959719612723,1.0367409152734444,0.36211325323092325,0.36211325323092325
2011_09_26/2011_09_26_drive_0039_sync,iid_gaussian_noise,persistent,3,4,32,40,1,0.25,1.010317479895572,0.9991640274613232,0.358129085107521,0.358129085107521
2011_09_26/2011_09_26_drive_0039_sync,iid_gaussian_noise,persistent,3,5,40,48,1,0.5,1.041791946658858,1.0136146615877333,0.33436368845505987,0.33436368845505987
2011_09_26/2011_09_26_drive_0039_sync,iid_gaussian_noise,persistent,3,6,48,56,1,0.5,1.1348048242028912,1.1064748939463573,0.35316968723229436,0.35316968723229436
2011_09_26/2011_09_26_drive_0039_sync,iid_gaussian_noise,persistent,3,7,56,64,1,0.625,1.0285995879404806,1.0642714339221668,0.3405496701376484,0.3405496701376484
2011_09_26/2011_09_26_drive_0039_sync,iid_gaussian_noise,persistent,3,8,64,72,1,0.75,1.0618264763846466,1.0581033943726519,0.34393890502147195,0.34393890502147195
2011_09_26/2011_09_26_drive_0039_sync,iid_gaussian_noise,persistent,3,9,72,80,1,0.75,1.0611411664543131,1.0509327082346298,0.34692548637231124,0.34692548637231124
2011_09_26/2011_09_26_drive_0039_sync,iid_gaussian_noise,shuffled,0,0,0,8,0,0.59375,1.2016108842927598,1.1195132910776309,0.34417149965913063,0.34417149965913063
2011_09_26/2011_09_26_drive_0039_sync,iid_gaussian_noise,shuffled,0,1,8,16,0,0.75,1.0141784694561171,1.072008678883321,0.338435551181274,0.338435551181274
2011_09_26/2011_09_26_drive_0039_sync,iid_gaussian_noise,shuffled,0,2,16,24,0,0.6875,1.1613319585788429,1.1069518117531445,0.34020782274778216,0.34020782274778216
2011_09_26/2011_09_26_drive_0039_sync,iid_gaussian_noise,shuffled,0,3,24,32,0,0.5,1.0301800097010256,1.0825692900431236,0.33745532166422765,0.33745532166422765
2011_09_26/2011_09_26_drive_0039_sync,iid_gaussian_noise,shuffled,0,4,32,40,0,0.625,1.156021571868851,1.1088352127852832,0.3292640224585576,0.3292640224585576
2011_09_26/2011_09_26_drive_0039_sync,iid_gaussian_noise,shuffled,0,5,40,48,0,0.6875,1.0877381919646774,1.086602697554126,0.3222492367089921,0.3222492367089921
2011_09_26/2011_09_26_drive_0039_sync,iid_gaussian_noise,shuffled,0,6,48,56,0,0.59375,1.1690887858248418,1.1599731682373755,0.34784187464974503,0.34784187464974503
2011_09_26/2011_09_26_drive_0039_sync,iid_gaussian_noise,shuffled,0,7,56,64,0,0.53125,1.1399625783850988,1.1511909590232532,0.3475551439998302,0.3475551439998302
2011_09_26/2011_09_26_drive_0039_sync,iid_gaussian_noise,shuffled,0,8,64,72,0,0.78125,1.1233655872335353,1.1388382463038682,0.34120347920774696,0.34120347920774696
2011_09_26/2011_09_26_drive_0039_sync,iid_gaussian_noise,shuffled,0,9,72,80,0,0.5,1.19090592348147,1.163980805760993,0.3681204762749376,0.3681204762749376
2011_09_26/2011_09_26_drive_0039_sync,iid_gaussian_noise,shuffled,1,0,0,8,0,0.46875,1.098828099994313,1.0419791344664626,0.3523604335528481,0.3523604335528481
2011_09_26/2011_09_26_drive_0039_sync,iid_gaussian_noise,shuffled,1,1,8,16,0,0.75,1.0543930975725369,1.0919750999491529,0.34005179920956297,0.34005179920956297
2011_09_26/2011_09_26_drive_0039_sync,iid_gaussian_noise,shuffled,1,2,16,24,0,0.5625,1.173937202354887,1.1264177070865464,0.3500758926558205,0.3500758926558205
2011_09_26/2011_09_26_drive_0039_sync,iid_gaussian_noise,shuffled,1,3,24,32,0,0.75,0.9631092407368348,1.0330306033180667,0.3161357787439032,0.3161357787439032
2011_09_26/2011_09_26_drive_0039_sync,iid_gaussian_noise,shuffled,1,4,32,40,0,0.5,1.0768551240668902,1.0437702883542623,0.3346042330238897,0.3346042330238897
2011_09_26/2011_09_26_drive_0039_sync,iid_gaussian_noise,shuffled,1,5,40,48,0,0.6875,1.129542533555942,1.093015510112039,0.32152389937699893,0.32152389937699893
2011_09_26/2011_09_26_drive_0039_sync,iid_gaussian_noise,shuffled,1,6,48,56,0,0.71875,1.1724953799844255,1.164731824688054,0.33632742000999927,0.33632742000999927
2011_09_26/2011_09_26_drive_0039_sync,iid_gaussian_noise,shuffled,1,7,56,64,0,0.65625,1.1046288686388799,1.1084336325408792,0.3379354835267738,0.3379354835267738
2011_09_26/2011_09_26_drive_0039_sync,iid_gaussian_noise,shuffled,1,8,64,72,0,0.53125,1.2304284960239191,1.1938591364918119,0.36901694922872985,0.36901694922872985
2011_09_26/2011_09_26_drive_0039_sync,iid_gaussian_noise,shuffled,1,9,72,80,0,0.625,1.1664125682911488,1.1814864140038306,0.3573895592409524,0.3573895592409524
2011_09_26/2011_09_26_drive_0039_sync,iid_gaussian_noise,shuffled,2,0,0,8,0,0.71875,1.0472078899655841,1.0214394182553426,0.33352772217897914,0.33352772217897914
2011_09_26/2011_09_26_drive_0039_sync,iid_gaussian_noise,shuffled,2,1,8,16,0,0.5,1.1407575820262084,1.0919489601409997,0.35987352649511384,0.35987352649511384
2011_09_26/2011_09_26_drive_0039_sync,iid_gaussian_noise,shuffled,2,2,16,24,0,0.5625,1.1309750058050128,1.1240459939169491,0.34868029611446866,0.34868029611446866
2011_09_26/2011_09_26_drive_0039_sync,iid_gaussian_noise,shuffled,2,3,24,32,0,0.75,1.0156606596937003,1.0606206387259718,0.3184713711878653,0.3184713711878653
2011_09_26/2011_09_26_drive_0039_sync,iid_gaussian_noise,shuffled,2,4,32,40,0,0.625,1.0768873093727958,1.0827854959358774,0.32590726964239125,0.32590726964239125
2011_09_26/2011_09_26_drive_0039_sync,iid_gaussian_noise,shuffled,2,5,40,48,0,0.5625,1.148364146917558,1.1087369661827813,0.33330650036514564,0.33330650036514564
2011_09_26/2011_09_26_drive_0039_sync,iid_gaussian_noise,shuffled,2,6,48,56,0,0.71875,1.198759050884019,1.1750749958538962,0.337716824274681,0.337716824274681
2011_09_26/2011_09_26_drive_0039_sync,iid_gaussian_noise,shuffled,2,7,56,64,0,0.53125,1.1560811419107762,1.1692215292162766,0.34788228880057415,0.34788228880057415
2011_09_26/2011_09_26_drive_0039_sync,iid_gaussian_noise,shuffled,2,8,64,72,0,0.53125,1.1446725574021863,1.1539123832929294,0.3671916843870618,0.3671916843870618
2011_09_26/2011_09_26_drive_0039_sync,iid_gaussian_noise,shuffled,2,9,72,80,0,0.75,1.1292793011030902,1.1346552401707413,0.3501638008008394,0.3501638008008394
2011_09_26/2011_09_26_drive_0039_sync,iid_gaussian_noise,shuffled,3,0,0,8,0,0.71875,1.1195829378416937,1.0658845557571803,0.3355163740722643,0.3355163740722643
2011_09_26/2011_09_26_drive_0039_sync,iid_gaussian_noise,shuffled,3,1,8,16,0,0.5,1.0769756674508628,1.0844557796898262,0.3574619727596394,0.3574619727596394
2011_09_26/2011_09_26_drive_0039_sync,iid_gaussian_noise,shuffled,3,2,16,24,0,0.6875,1.0832953301315151,1.0671167914520774,0.3412202663852515,0.3412202663852515
2011_09_26/2011_09_26_drive_0039_sync,iid_gaussian_noise,shuffled,3,3,24,32,0,0.5,1.0284395553709182,1.0721862606265862,0.33982806590593195,0.33982806590593195
2011_09_26/2011_09_26_drive_0039_sync,iid_gaussian_noise,shuffled,3,4,32,40,0,0.75,1.024432367193781,1.0369444334358022,0.32140476017901676,0.32140476017901676
2011_09_26/2011_09_26_drive_0039_sync,iid_gaussian_noise,shuffled,3,5,40,48,0,0.5625,1.1073173588764351,1.0615459621488248,0.3313604143457102,0.3313604143457102
2011_09_26/2011_09_26_drive_0039_sync,iid_gaussian_noise,shuffled,3,6,48,56,0,0.46875,1.2622790659562078,1.1998029535458843,0.3584872905055002,0.3584872905055002
2011_09_26/2011_09_26_drive_0039_sync,iid_gaussian_noise,shuffled,3,7,56,64,0,0.78125,1.0671581069738412,1.1308416558333545,0.3302840402908472,0.3302840402908472
2011_09_26/2011_09_26_drive_0039_sync,iid_gaussian_noise,shuffled,3,8,64,72,0,0.65625,1.1452739024659562,1.1286849822009468,0.3530654191462512,0.3530654191462512
2011_09_26/2011_09_26_drive_0039_sync,iid_gaussian_noise,shuffled,3,9,72,80,0,0.625,1.1961278171367722,1.1667660973203375,0.35817251226714303,0.35817251226714303
2011_09_26/2011_09_26_drive_0039_sync,rgb_bias_domain_proxy,persistent,0,0,0,8,1,0.25,1.0915171760443485,1.0332496966464215,0.38170403285163407,0.38170403285163407
2011_09_26/2011_09_26_drive_0039_sync,rgb_bias_domain_proxy,persistent,0,1,8,16,1,0.25,1.1269942219167546,1.1152099232664667,0.3894595732488857,0.3894595732488857
2011_09_26/2011_09_26_drive_0039_sync,rgb_bias_domain_proxy,persistent,0,2,16,24,1,0.375,1.17995203072651,1.14982526909589,0.39325251262336813,0.39325251262336813
2011_09_26/2011_09_26_drive_0039_sync,rgb_bias_domain_proxy,persistent,0,3,24,32,1,0.5,0.9626031510440497,1.0712414342209082,0.35708391642421583,0.35708391642421583
2011_09_26/2011_09_26_drive_0039_sync,rgb_bias_domain_proxy,persistent,0,4,32,40,1,0.5,1.0091403575977522,0.9995439602086007,0.35355573139513935,0.35355573139513935
2011_09_26/2011_09_26_drive_0039_sync,rgb_bias_domain_proxy,persistent,0,5,40,48,1,0.75,1.0942744943225613,1.0413437375105405,0.35787683822043476,0.35787683822043476
2011_09_26/2011_09_26_drive_0039_sync,rgb_bias_domain_proxy,persistent,0,6,48,56,1,0.75,1.2014237851913565,1.1710239753497835,0.3663726888648948,0.3663726888648948
2011_09_26/2011_09_26_drive_0039_sync,rgb_bias_domain_proxy,persistent,0,7,56,64,1,0.875,1.078043437492714,1.1129132099055643,0.35744280532460637,0.35744280532460637
2011_09_26/2011_09_26_drive_0039_sync,rgb_bias_domain_proxy,persistent,0,8,64,72,1,1.0,1.1451313313450346,1.1342256854832191,0.36874729218860125,0.36874729218860125
2011_09_26/2011_09_26_drive_0039_sync,rgb_bias_domain_proxy,persistent,0,9,72,80,1,1.0,1.1379478865634391,1.1236605932356418,0.3647732273771701,0.3647732273771701
2011_09_26/2011_09_26_drive_0039_sync,rgb_bias_domain_proxy,persistent,1,0,0,8,1,0.5,1.0638701411321436,1.0191975277407332,0.3683448497454674,0.3683448497454674
2011_09_26/2011_09_26_drive_0039_sync,rgb_bias_domain_proxy,persistent,1,1,8,16,1,0.5,1.0964454295766177,1.0851258844525682,0.3742336973961379,0.3742336973961379
2011_09_26/2011_09_26_drive_0039_sync,rgb_bias_domain_proxy,persistent,1,2,16,24,1,0.625,1.1506957772810422,1.1211208693475454,0.379884398878128,0.379884398878128
2011_09_26/2011_09_26_drive_0039_sync,rgb_bias_domain_proxy,persistent,1,3,24,32,1,0.75,0.9418859673056039,1.04726034024525,0.3446703047429408,0.3446703047429408
2011_09_26/2011_09_26_drive_0039_sync,rgb_bias_domain_proxy,persistent,1,4,32,40,1,0.75,0.990145667585119,0.9783103323355118,0.3433579103756696,0.3433579103756696
2011_09_26/2011_09_26_drive_0039_sync,rgb_bias_domain_proxy,persistent,1,5,40,48,1,1.0,1.07147007946672,1.0202911156409773,0.34872216854204746,0.34872216854204746
2011_09_26/2011_09_26_drive_0039_sync,rgb_bias_domain_proxy,persistent,1,6,48,56,1,1.0,1.1727504585225894,1.1449335789581048,0.3553677550012369,0.3553677550012369
2011_09_26/2011_09_26_drive_0039_sync,rgb_bias_domain_proxy,persistent,1,7,56,64,1,0.625,1.116090470929517,1.1139660317632818,0.36359919471590346,0.36359919471590346
2011_09_26/2011_09_26_drive_0039_sync,rgb_bias_domain_proxy,persistent,1,8,64,72,1,0.25,1.2371022404807355,1.2092837204674205,0.4083504545569268,0.4083504545569268
2011_09_26/2011_09_26_drive_0039_sync,rgb_bias_domain_proxy,persistent,1,9,72,80,1,0.25,1.2217464955505832,1.2091324182676784,0.40762834107137896,0.40762834107137896
2011_09_26/2011_09_26_drive_0039_sync,rgb_bias_domain_proxy,persistent,2,0,0,8,1,0.75,1.0357314424061794,1.0049447579703628,0.3557548709801682,0.3557548709801682
2011_09_26/2011_09_26_drive_0039_sync,rgb_bias_domain_proxy,persistent,2,1,8,16,1,0.75,1.0638990513418598,1.0538606517205609,0.36006281057250833,0.36006281057250833
2011_09_26/2011_09_26_drive_0039_sync,rgb_bias_domain_proxy,persistent,2,2,16,24,1,0.875,1.122833962781117,1.0920977075176612,0.3681127346462477,0.3681127346462477
2011_09_26/2011_09_26_drive_0039_sync,rgb_bias_domain_proxy,persistent,2,3,24,32,1,1.0,0.9227782411577243,1.0240803797588025,0.3337788364036136,0.3337788364036136
2011_09_26/2011_09_26_drive_0039_sync,rgb_bias_domain_proxy,persistent,2,4,32,40,1,1.0,0.9734331873058444,0.9600418266378637,0.3339300757886638,0.3339300757886638
2011_09_26/2011_09_26_drive_0039_sync,rgb_bias_domain_proxy,persistent,2,5,40,48,1,0.25,1.1569501541782263,1.066282878245632,0.3726178863709658,0.3726178863709658
2011_09_26/2011_09_26_drive_0039_sync,rgb_bias_domain_proxy,persistent,2,6,48,56,1,0.25,1.269845956594378,1.2292463825125834,0.3951791931120533,0.3951791931120533
2011_09_26/2011_09_26_drive_0039_sync,rgb_bias_domain_proxy,persistent,2,7,56,64,1,0.375,1.14135398178704,1.1770795885722902,0.3831619626836763,0.3831619626836763
2011_09_26/2011_09_26_drive_0039_sync,rgb_bias_domain_proxy,persistent,2,8,64,72,1,0.5,1.204436015393869,1.1946386174687729,0.39591507533109777,0.39591507533109777
2011_09_26/2011_09_26_drive_0039_sync,rgb_bias_domain_proxy,persistent,2,9,72,80,1,0.5,1.1922233193681027,1.1810364128493807,0.39270266629011635,0.39270266629011635
2011_09_26/2011_09_26_drive_0039_sync,rgb_bias_domain_proxy,persistent,3,0,0,8,1,1.0,1.0139671950378417,0.9938923133056696,0.34597826174070445,0.34597826174070445
2011_09_26/2011_09_26_drive_0039_sync,rgb_bias_domain_proxy,persistent,3,1,8,16,1,1.0,1.0381334447126807,1.0297748262391309,0.34861231964891903,0.34861231964891903
2011_09_26/2011_09_26_drive_0039_sync,rgb_bias_domain_proxy,persistent,3,2,16,24,1,0.625,1.1632300899058843,1.0949624355015763,0.37338468244679085,0.37338468244679085
2011_09_26/2011_09_26_drive_0039_sync,rgb_bias_domain_proxy,persistent,3,3,24,32,1,0.25,0.9863160600328386,1.0815749538531714,0.36783821122644444,0.36783821122644444
2011_09_26/2011_09_26_drive_0039_sync,rgb_bias_domain_proxy,persistent,3,4,32,40,1,0.25,1.0301665556370012,1.020693999005204,0.3657714181984353,0.3657714181984353
2011_09_26/2011_09_26_drive_0039_sync,rgb_bias_domain_proxy,persistent,3,5,40,48,1,0.5,1.1195070244005396,1.064645737886352,0.368426457568978,0.368426457568978
2011_09_26/2011_09_26_drive_0039_sync,rgb_bias_domain_proxy,persistent,3,6,48,56,1,0.5,1.23498711235981,1.200884686307434,0.38007942937272826,0.38007942937272826
2011_09_26/2011_09_26_drive_0039_sync,rgb_bias_domain_proxy,persistent,3,7,56,64,1,0.625,1.1082058702690776,1.1443895294083823,0.3697008152820316,0.3697008152820316
2011_09_26/2011_09_26_drive_0039_sync,rgb_bias_domain_proxy,persistent,3,8,64,72,1,0.75,1.1741794947621436,1.163625465586988,0.38154156076391244,0.38154156076391244
2011_09_26/2011_09_26_drive_0039_sync,rgb_bias_domain_proxy,persistent,3,9,72,80,1,0.75,1.1623367851134099,1.1502779592696535,0.37749768832768815,0.37749768832768815
2011_09_26/2011_09_26_drive_0039_sync,rgb_bias_domain_proxy,shuffled,0,0,0,8,0,0.59375,1.1173885826054648,1.053398230443808,0.36510383807678787,0.36510383807678787
2011_09_26/2011_09_26_drive_0039_sync,rgb_bias_domain_proxy,shuffled,0,1,8,16,0,0.75,1.0766450301358985,1.0888121822098522,0.3619900354541607,0.3619900354541607
2011_09_26/2011_09_26_drive_0039_sync,rgb_bias_domain_proxy,shuffled,0,2,16,24,0,0.6875,1.194984663174926,1.1408958859197693,0.3749430620256212,0.3749430620256212
2011_09_26/2011_09_26_drive_0039_sync,rgb_bias_domain_proxy,shuffled,0,3,24,32,0,0.5,0.9980032346229358,1.0941335525544804,0.3553292074262818,0.3553292074262818
2011_09_26/2011_09_26_drive_0039_sync,rgb_bias_domain_proxy,shuffled,0,4,32,40,0,0.625,1.0813561636640645,1.0549069328815168,0.3503348915322588,0.3503348915322588
2011_09_26/2011_09_26_drive_0039_sync,rgb_bias_domain_proxy,shuffled,0,5,40,48,0,0.6875,1.1324757059474553,1.0866116520416587,0.3590403399728031,0.3590403399728031
2011_09_26/2011_09_26_drive_0039_sync,rgb_bias_domain_proxy,shuffled,0,6,48,56,0,0.59375,1.2445537897826864,1.2175563547135642,0.375463060188725,0.375463060188725
2011_09_26/2011_09_26_drive_0039_sync,rgb_bias_domain_proxy,shuffled,0,7,56,64,0,0.53125,1.1532659308461337,1.177812715312039,0.3733442697496278,0.3733442697496278
2011_09_26/2011_09_26_drive_0039_sync,rgb_bias_domain_proxy,shuffled,0,8,64,72,0,0.78125,1.192929199035023,1.1930828313540691,0.38178959343057534,0.38178959343057534
2011_09_26/2011_09_26_drive_0039_sync,rgb_bias_domain_proxy,shuffled,0,9,72,80,0,0.5,1.217792883159908,1.1963018742089906,0.38983311433357415,0.38983311433357415
2011_09_26/2011_09_26_drive_0039_sync,rgb_bias_domain_proxy,shuffled,1,0,0,8,0,0.46875,1.0829211524719775,1.0284692793185717,0.37059026820834673,0.37059026820834673
2011_09_26/2011_09_26_drive_0039_sync,rgb_bias_domain_proxy,shuffled,1,1,8,16,0,0.75,1.0906284680585676,1.0980728032462987,0.3654204033738851,0.3654204033738851
2011_09_26/2011_09_26_drive_0039_sync,rgb_bias_domain_proxy,shuffled,1,2,16,24,0,0.5625,1.2034730980062327,1.150249330360866,0.3793157232691253,0.3793157232691253
2011_09_26/2011_09_26_drive_0039_sync,rgb_bias_domain_proxy,shuffled,1,3,24,32,0,0.75,0.9667098479427766,1.0721569565679436,0.3454818946913595,0.3454818946913595
2011_09_26/2011_09_26_drive_0039_sync,rgb_bias_domain_proxy,shuffled,1,4,32,40,0,0.5,1.0403759343859564,1.0220599842800098,0.35107411786239445,0.35107411786239445
2011_09_26/2011_09_26_drive_0039_sync,rgb_bias_domain_proxy,shuffled,1,5,40,48,0,0.6875,1.1442696507035108,1.0819815075169372,0.36017015007779535,0.36017015007779535
2011_09_26/2011_09_26_drive_0039_sync,rgb_bias_domain_proxy,shuffled,1,6,48,56,0,0.71875,1.2400416841695465,1.2136780581583007,0.3702314832850073,0.3702314832850073
2011_09_26/2011_09_26_drive_0039_sync,rgb_bias_domain_proxy,shuffled,1,7,56,64,0,0.65625,1.1308477296006643,1.1534082617320764,0.36570631653847496,0.36570631653847496
2011_09_26/2011_09_26_drive_0039_sync,rgb_bias_domain_proxy,shuffled,1,8,64,72,0,0.53125,1.235219617500455,1.2113750754655972,0.39300615467718114,0.39300615467718114
2011_09_26/2011_09_26_drive_0039_sync,rgb_bias_domain_proxy,shuffled,1,9,72,80,0,0.625,1.2092369726048005,1.2026398324006444,0.38634499589605764,0.38634499589605764
2011_09_26/2011_09_26_drive_0039_sync,rgb_bias_domain_proxy,shuffled,2,0,0,8,0,0.71875,1.0523403884065843,1.01310267783351,0.3583976159702577,0.3583976159702577
2011_09_26/2011_09_26_drive_0039_sync,rgb_bias_domain_proxy,shuffled,2,1,8,16,0,0.5,1.1301184440862504,1.0991430389674899,0.371926716478111,0.371926716478111
2011_09_26/2011_09_26_drive_0039_sync,rgb_bias_domain_proxy,shuffled,2,2,16,24,0,0.5625,1.180433307488029,1.1480830192784561,0.38152153646268755,0.38152153646268755
2011_09_26/2011_09_26_drive_0039_sync,rgb_bias_domain_proxy,shuffled,2,3,24,32,0,0.75,0.9877332559354189,1.079889482775269,0.3457029721824729,0.3457029721824729
2011_09_26/2011_09_26_drive_0039_sync,rgb_bias_domain_proxy,shuffled,2,4,32,40,0,0.625,1.041100293580052,1.0366488354217696,0.3483690843351428,0.3483690843351428
2011_09_26/2011_09_26_drive_0039_sync,rgb_bias_domain_proxy,shuffled,2,5,40,48,0,0.5625,1.1518512836930233,1.0896784301198041,0.3642250509141276,0.3642250509141276
2011_09_26/2011_09_26_drive_0039_sync,rgb_bias_domain_proxy,shuffled,2,6,48,56,0,0.71875,1.248149190967387,1.2170031070142944,0.3699705797775281,0.3699705797775281
2011_09_26/2011_09_26_drive_0039_sync,rgb_bias_domain_proxy,shuffled,2,7,56,64,0,0.53125,1.1513940268082066,1.175043719853051,0.3702562281613113,0.3702562281613113
2011_09_26/2011_09_26_drive_0039_sync,rgb_bias_domain_proxy,shuffled,2,8,64,72,0,0.53125,1.211985994554613,1.2019402154083918,0.3935878278919628,0.3935878278919628
2011_09_26/2011_09_26_drive_0039_sync,rgb_bias_domain_proxy,shuffled,2,9,72,80,0,0.75,1.187419632888738,1.183673848616821,0.38254379143373834,0.38254379143373834
2011_09_26/2011_09_26_drive_0039_sync,rgb_bias_domain_proxy,shuffled,3,0,0,8,0,0.71875,1.0751895647747598,1.0278948456022163,0.3575698021122756,0.3575698021122756
2011_09_26/2011_09_26_drive_0039_sync,rgb_bias_domain_proxy,shuffled,3,1,8,16,0,0.5,1.1090142183685436,1.0938741220045953,0.37277742483771387,0.37277742483771387
2011_09_26/2011_09_26_drive_0039_sync,rgb_bias_domain_proxy,shuffled,3,2,16,24,0,0.6875,1.165656841500472,1.1287189495570638,0.3767919248984933,0.3767919248984933
2011_09_26/2011_09_26_drive_0039_sync,rgb_bias_domain_proxy,shuffled,3,3,24,32,0,0.5,1.000275255436824,1.0933502723538102,0.3568170080909666,0.3568170080909666
2011_09_26/2011_09_26_drive_0039_sync,rgb_bias_domain_proxy,shuffled,3,4,32,40,0,0.75,1.0201734014936013,1.021260448693345,0.3460234677884994,0.3460234677884994
2011_09_26/2011_09_26_drive_0039_sync,rgb_bias_domain_proxy,shuffled,3,5,40,48,0,0.5625,1.1399062292645483,1.074441151839438,0.36319168718594436,0.36319168718594436
2011_09_26/2011_09_26_drive_0039_sync,rgb_bias_domain_proxy,shuffled,3,6,48,56,0,0.46875,1.2794073032087083,1.2301074305424347,0.38121435727236674,0.38121435727236674
2011_09_26/2011_09_26_drive_0039_sync,rgb_bias_domain_proxy,shuffled,3,7,56,64,0,0.78125,1.1120181848353763,1.1601054859341684,0.362985568455493,0.362985568455493
2011_09_26/2011_09_26_drive_0039_sync,rgb_bias_domain_proxy,shuffled,3,8,64,72,0,0.65625,1.2083590167989922,1.1892319379940066,0.3862763990182839,0.3862763990182839
2011_09_26/2011_09_26_drive_0039_sync,rgb_bias_domain_proxy,shuffled,3,9,72,80,0,0.625,1.2129560771622765,1.1944420814270327,0.38314790248421293,0.38314790248421293
